Country Name,Country ISO3,Year,Indicator Name,Indicator Code,Value
#country+name,#country+code,#date+year,#indicator+name,#indicator+code,#indicator+value+num
Croatia,HRV,2024,Trade in services (% of GDP),BG.GSR.NFSV.GD.ZS,35.7122323163748
Croatia,HRV,2023,Trade in services (% of GDP),BG.GSR.NFSV.GD.ZS,37.2061321253237
Croatia,HRV,2022,Trade in services (% of GDP),BG.GSR.NFSV.GD.ZS,36.8734509418228
Croatia,HRV,2021,Trade in services (% of GDP),BG.GSR.NFSV.GD.ZS,32.154137074326
Croatia,HRV,2020,Trade in services (% of GDP),BG.GSR.NFSV.GD.ZS,24.8929810692056
Croatia,HRV,2019,Trade in services (% of GDP),BG.GSR.NFSV.GD.ZS,37.184047237102
Croatia,HRV,2018,Trade in services (% of GDP),BG.GSR.NFSV.GD.ZS,35.2694205849612
Croatia,HRV,2017,Trade in services (% of GDP),BG.GSR.NFSV.GD.ZS,34.6815608157301
Croatia,HRV,2016,Trade in services (% of GDP),BG.GSR.NFSV.GD.ZS,32.2715357778385
Croatia,HRV,2015,Trade in services (% of GDP),BG.GSR.NFSV.GD.ZS,30.0434304355221
Croatia,HRV,2014,Trade in services (% of GDP),BG.GSR.NFSV.GD.ZS,27.3592455660167
Croatia,HRV,2013,Trade in services (% of GDP),BG.GSR.NFSV.GD.ZS,26.1939670542726
Croatia,HRV,2012,Trade in services (% of GDP),BG.GSR.NFSV.GD.ZS,28.2735385970478
Croatia,HRV,2011,Trade in services (% of GDP),BG.GSR.NFSV.GD.ZS,26.171303266884
Croatia,HRV,2010,Trade in services (% of GDP),BG.GSR.NFSV.GD.ZS,25.3207729456003
Croatia,HRV,2009,Trade in services (% of GDP),BG.GSR.NFSV.GD.ZS,25.5065368511677
Croatia,HRV,2008,Trade in services (% of GDP),BG.GSR.NFSV.GD.ZS,28.5356824910064
Croatia,HRV,2007,Trade in services (% of GDP),BG.GSR.NFSV.GD.ZS,27.9888415945505
Croatia,HRV,2006,Trade in services (% of GDP),BG.GSR.NFSV.GD.ZS,28.4505533423763
Croatia,HRV,2005,Trade in services (% of GDP),BG.GSR.NFSV.GD.ZS,28.2151293365283
Croatia,HRV,2004,Trade in services (% of GDP),BG.GSR.NFSV.GD.ZS,29.7822380746292
Croatia,HRV,2003,Trade in services (% of GDP),BG.GSR.NFSV.GD.ZS,30.5827381415169
Croatia,HRV,2002,Trade in services (% of GDP),BG.GSR.NFSV.GD.ZS,31.2841123721683
Croatia,HRV,2001,Trade in services (% of GDP),BG.GSR.NFSV.GD.ZS,31.9087185302053
Croatia,HRV,2000,Trade in services (% of GDP),BG.GSR.NFSV.GD.ZS,28.9799593138017
Croatia,HRV,1999,Trade in services (% of GDP),BG.GSR.NFSV.GD.ZS,24.6310784471475
Croatia,HRV,1998,Trade in services (% of GDP),BG.GSR.NFSV.GD.ZS,22.9491627407833
Croatia,HRV,1997,Trade in services (% of GDP),BG.GSR.NFSV.GD.ZS,24.9987448297954
Croatia,HRV,1996,Trade in services (% of GDP),BG.GSR.NFSV.GD.ZS,20.9764213546056
Croatia,HRV,1995,Trade in services (% of GDP),BG.GSR.NFSV.GD.ZS,16.9589185598241
Croatia,HRV,1994,Trade in services (% of GDP),BG.GSR.NFSV.GD.ZS,27.1279855230061
Croatia,HRV,1993,Trade in services (% of GDP),BG.GSR.NFSV.GD.ZS,30.4919061861155
Croatia,HRV,2024,"Insurance and financial services (% of service imports, BoP)",BM.GSR.INSF.ZS,5.26613137065066
Croatia,HRV,2023,"Insurance and financial services (% of service imports, BoP)",BM.GSR.INSF.ZS,3.85567842268433
Croatia,HRV,2022,"Insurance and financial services (% of service imports, BoP)",BM.GSR.INSF.ZS,5.76699116390012
Croatia,HRV,2021,"Insurance and financial services (% of service imports, BoP)",BM.GSR.INSF.ZS,7.82402422910286
Croatia,HRV,2020,"Insurance and financial services (% of service imports, BoP)",BM.GSR.INSF.ZS,8.46394615612847
Croatia,HRV,2019,"Insurance and financial services (% of service imports, BoP)",BM.GSR.INSF.ZS,9.51869330666034
Croatia,HRV,2018,"Insurance and financial services (% of service imports, BoP)",BM.GSR.INSF.ZS,8.84342153334376
Croatia,HRV,2017,"Insurance and financial services (% of service imports, BoP)",BM.GSR.INSF.ZS,9.46226172254937
Croatia,HRV,2016,"Insurance and financial services (% of service imports, BoP)",BM.GSR.INSF.ZS,11.6980154101886
Croatia,HRV,2015,"Insurance and financial services (% of service imports, BoP)",BM.GSR.INSF.ZS,9.57787126337066
Croatia,HRV,2014,"Insurance and financial services (% of service imports, BoP)",BM.GSR.INSF.ZS,9.35434995424968
Croatia,HRV,2013,"Insurance and financial services (% of service imports, BoP)",BM.GSR.INSF.ZS,8.39804160381873
Croatia,HRV,2012,"Insurance and financial services (% of service imports, BoP)",BM.GSR.INSF.ZS,8.26816584200611
Croatia,HRV,2011,"Insurance and financial services (% of service imports, BoP)",BM.GSR.INSF.ZS,8.97451675195026
Croatia,HRV,2010,"Insurance and financial services (% of service imports, BoP)",BM.GSR.INSF.ZS,8.42113412047688
Croatia,HRV,2009,"Insurance and financial services (% of service imports, BoP)",BM.GSR.INSF.ZS,8.64911528715302
Croatia,HRV,2008,"Insurance and financial services (% of service imports, BoP)",BM.GSR.INSF.ZS,6.36148355600187
Croatia,HRV,2007,"Insurance and financial services (% of service imports, BoP)",BM.GSR.INSF.ZS,6.9063688294494
Croatia,HRV,2006,"Insurance and financial services (% of service imports, BoP)",BM.GSR.INSF.ZS,8.31777282191961
Croatia,HRV,2005,"Insurance and financial services (% of service imports, BoP)",BM.GSR.INSF.ZS,6.58274352682132
Croatia,HRV,2004,"Insurance and financial services (% of service imports, BoP)",BM.GSR.INSF.ZS,5.5729423534106
Croatia,HRV,2003,"Insurance and financial services (% of service imports, BoP)",BM.GSR.INSF.ZS,8.03761451353777
Croatia,HRV,2002,"Insurance and financial services (% of service imports, BoP)",BM.GSR.INSF.ZS,7.6756018463432
Croatia,HRV,2001,"Insurance and financial services (% of service imports, BoP)",BM.GSR.INSF.ZS,6.68582505784385
Croatia,HRV,2000,"Insurance and financial services (% of service imports, BoP)",BM.GSR.INSF.ZS,6.74466387547691
Croatia,HRV,1999,"Insurance and financial services (% of service imports, BoP)",BM.GSR.INSF.ZS,4.23100115296279
Croatia,HRV,1998,"Insurance and financial services (% of service imports, BoP)",BM.GSR.INSF.ZS,5.66537794916933
Croatia,HRV,1997,"Insurance and financial services (% of service imports, BoP)",BM.GSR.INSF.ZS,3.82131275740201
Croatia,HRV,1996,"Insurance and financial services (% of service imports, BoP)",BM.GSR.INSF.ZS,4.08144670107576
Croatia,HRV,1995,"Insurance and financial services (% of service imports, BoP)",BM.GSR.INSF.ZS,3.22515674243959
Croatia,HRV,1994,"Insurance and financial services (% of service imports, BoP)",BM.GSR.INSF.ZS,3.61421539741449
Croatia,HRV,1993,"Insurance and financial services (% of service imports, BoP)",BM.GSR.INSF.ZS,3.5381261705226
Croatia,HRV,2024,"Insurance and financial services (% of service exports, BoP)",BX.GSR.INSF.ZS,1.13599700918445
Croatia,HRV,2023,"Insurance and financial services (% of service exports, BoP)",BX.GSR.INSF.ZS,1.15751075233551
Croatia,HRV,2022,"Insurance and financial services (% of service exports, BoP)",BX.GSR.INSF.ZS,1.20339768310481
Croatia,HRV,2021,"Insurance and financial services (% of service exports, BoP)",BX.GSR.INSF.ZS,1.16889275681923
Croatia,HRV,2020,"Insurance and financial services (% of service exports, BoP)",BX.GSR.INSF.ZS,1.40483190515444
Croatia,HRV,2019,"Insurance and financial services (% of service exports, BoP)",BX.GSR.INSF.ZS,1.16538767744343
Croatia,HRV,2018,"Insurance and financial services (% of service exports, BoP)",BX.GSR.INSF.ZS,1.11999066485893
Croatia,HRV,2017,"Insurance and financial services (% of service exports, BoP)",BX.GSR.INSF.ZS,1.07962770126681
Croatia,HRV,2016,"Insurance and financial services (% of service exports, BoP)",BX.GSR.INSF.ZS,0.875204262952761
Croatia,HRV,2015,"Insurance and financial services (% of service exports, BoP)",BX.GSR.INSF.ZS,0.882385221297852
Croatia,HRV,2014,"Insurance and financial services (% of service exports, BoP)",BX.GSR.INSF.ZS,0.861982124371583
Croatia,HRV,2013,"Insurance and financial services (% of service exports, BoP)",BX.GSR.INSF.ZS,0.729773262127572
Croatia,HRV,2012,"Insurance and financial services (% of service exports, BoP)",BX.GSR.INSF.ZS,0.695301296078026
Croatia,HRV,2011,"Insurance and financial services (% of service exports, BoP)",BX.GSR.INSF.ZS,0.704844142861544
Croatia,HRV,2010,"Insurance and financial services (% of service exports, BoP)",BX.GSR.INSF.ZS,0.667763541504746
Croatia,HRV,2009,"Insurance and financial services (% of service exports, BoP)",BX.GSR.INSF.ZS,0.724602978030752
Croatia,HRV,2008,"Insurance and financial services (% of service exports, BoP)",BX.GSR.INSF.ZS,0.732210848025725
Croatia,HRV,2007,"Insurance and financial services (% of service exports, BoP)",BX.GSR.INSF.ZS,0.764022982580523
Croatia,HRV,2006,"Insurance and financial services (% of service exports, BoP)",BX.GSR.INSF.ZS,0.69864304746276
Croatia,HRV,2005,"Insurance and financial services (% of service exports, BoP)",BX.GSR.INSF.ZS,0.529030677634557
Croatia,HRV,2004,"Insurance and financial services (% of service exports, BoP)",BX.GSR.INSF.ZS,0.424106589164805
Croatia,HRV,2003,"Insurance and financial services (% of service exports, BoP)",BX.GSR.INSF.ZS,0.871591199577692
Croatia,HRV,2002,"Insurance and financial services (% of service exports, BoP)",BX.GSR.INSF.ZS,1.83158840916588
Croatia,HRV,2001,"Insurance and financial services (% of service exports, BoP)",BX.GSR.INSF.ZS,1.18549180195756
Croatia,HRV,2000,"Insurance and financial services (% of service exports, BoP)",BX.GSR.INSF.ZS,1.05952178480855
Croatia,HRV,1999,"Insurance and financial services (% of service exports, BoP)",BX.GSR.INSF.ZS,1.68281083859999
Croatia,HRV,1998,"Insurance and financial services (% of service exports, BoP)",BX.GSR.INSF.ZS,1.44164465140715
Croatia,HRV,1997,"Insurance and financial services (% of service exports, BoP)",BX.GSR.INSF.ZS,1.26911065373629
Croatia,HRV,1996,"Insurance and financial services (% of service exports, BoP)",BX.GSR.INSF.ZS,1.41635087928977
Croatia,HRV,1995,"Insurance and financial services (% of service exports, BoP)",BX.GSR.INSF.ZS,1.20948469993539
Croatia,HRV,1994,"Insurance and financial services (% of service exports, BoP)",BX.GSR.INSF.ZS,0.795654206021516
Croatia,HRV,1993,"Insurance and financial services (% of service exports, BoP)",BX.GSR.INSF.ZS,1.39612638899921
Croatia,HRV,2024,Domestic credit to private sector (% of GDP),FS.AST.PRVT.GD.ZS,47.0927151012551
Croatia,HRV,2023,Domestic credit to private sector (% of GDP),FS.AST.PRVT.GD.ZS,47.116869382895
Croatia,HRV,2022,Domestic credit to private sector (% of GDP),FS.AST.PRVT.GD.ZS,50.5419906019938
Croatia,HRV,2021,Domestic credit to private sector (% of GDP),FS.AST.PRVT.GD.ZS,52.8717592813533
Croatia,HRV,2020,Domestic credit to private sector (% of GDP),FS.AST.PRVT.GD.ZS,59.1442604279707
Croatia,HRV,2019,Domestic credit to private sector (% of GDP),FS.AST.PRVT.GD.ZS,52.9247228312832
Croatia,HRV,2018,Domestic credit to private sector (% of GDP),FS.AST.PRVT.GD.ZS,54.2736449794078
Croatia,HRV,2017,Domestic credit to private sector (% of GDP),FS.AST.PRVT.GD.ZS,55.9801235455711
Croatia,HRV,2016,Domestic credit to private sector (% of GDP),FS.AST.PRVT.GD.ZS,58.9871775897462
Croatia,HRV,2015,Domestic credit to private sector (% of GDP),FS.AST.PRVT.GD.ZS,63.171961531758
Croatia,HRV,2014,Domestic credit to private sector (% of GDP),FS.AST.PRVT.GD.ZS,66.7412649840023
Croatia,HRV,2013,Domestic credit to private sector (% of GDP),FS.AST.PRVT.GD.ZS,67.9068213055485
Croatia,HRV,2012,Domestic credit to private sector (% of GDP),FS.AST.PRVT.GD.ZS,69.2295160714845
Croatia,HRV,2022,"New business density (new registrations per 1,000 people ages 15-64)",IC.BUS.NDNS.ZS,6.24952798897791
Croatia,HRV,2021,"New business density (new registrations per 1,000 people ages 15-64)",IC.BUS.NDNS.ZS,5.53230310613541
Croatia,HRV,2020,"New business density (new registrations per 1,000 people ages 15-64)",IC.BUS.NDNS.ZS,4.43793525052854
Croatia,HRV,2019,"New business density (new registrations per 1,000 people ages 15-64)",IC.BUS.NDNS.ZS,5.56707251422965
Croatia,HRV,2018,"New business density (new registrations per 1,000 people ages 15-64)",IC.BUS.NDNS.ZS,5.85503408956004
Croatia,HRV,2017,"New business density (new registrations per 1,000 people ages 15-64)",IC.BUS.NDNS.ZS,5.51930814410581
Croatia,HRV,2016,"New business density (new registrations per 1,000 people ages 15-64)",IC.BUS.NDNS.ZS,4.90935759481474
Croatia,HRV,2015,"New business density (new registrations per 1,000 people ages 15-64)",IC.BUS.NDNS.ZS,4.51430266102289
Croatia,HRV,2014,"New business density (new registrations per 1,000 people ages 15-64)",IC.BUS.NDNS.ZS,4.60243306963896
Croatia,HRV,2013,"New business density (new registrations per 1,000 people ages 15-64)",IC.BUS.NDNS.ZS,4.99851834416768
Croatia,HRV,2012,"New business density (new registrations per 1,000 people ages 15-64)",IC.BUS.NDNS.ZS,2.78732424937032
Croatia,HRV,2011,"New business density (new registrations per 1,000 people ages 15-64)",IC.BUS.NDNS.ZS,2.48521218424517
Croatia,HRV,2010,"New business density (new registrations per 1,000 people ages 15-64)",IC.BUS.NDNS.ZS,2.48771821982662
Croatia,HRV,2009,"New business density (new registrations per 1,000 people ages 15-64)",IC.BUS.NDNS.ZS,2.71952992475828
Croatia,HRV,2008,"New business density (new registrations per 1,000 people ages 15-64)",IC.BUS.NDNS.ZS,3.53608611393328
Croatia,HRV,2007,"New business density (new registrations per 1,000 people ages 15-64)",IC.BUS.NDNS.ZS,3.68912406006143
Croatia,HRV,2006,"New business density (new registrations per 1,000 people ages 15-64)",IC.BUS.NDNS.ZS,3.44591087907401
Croatia,HRV,2022,New businesses registered (number),IC.BUS.NREG,15309
Croatia,HRV,2021,New businesses registered (number),IC.BUS.NREG,13711
Croatia,HRV,2020,New businesses registered (number),IC.BUS.NREG,11539
Croatia,HRV,2019,New businesses registered (number),IC.BUS.NREG,14633
Croatia,HRV,2018,New businesses registered (number),IC.BUS.NREG,15585
Croatia,HRV,2017,New businesses registered (number),IC.BUS.NREG,14918
Croatia,HRV,2016,New businesses registered (number),IC.BUS.NREG,13502
Croatia,HRV,2015,New businesses registered (number),IC.BUS.NREG,12558
Croatia,HRV,2014,New businesses registered (number),IC.BUS.NREG,12964
Croatia,HRV,2013,New businesses registered (number),IC.BUS.NREG,14186
Croatia,HRV,2012,New businesses registered (number),IC.BUS.NREG,7949
Croatia,HRV,2011,New businesses registered (number),IC.BUS.NREG,7116
Croatia,HRV,2010,New businesses registered (number),IC.BUS.NREG,7139
Croatia,HRV,2009,New businesses registered (number),IC.BUS.NREG,7806
Croatia,HRV,2008,New businesses registered (number),IC.BUS.NREG,10156
Croatia,HRV,2007,New businesses registered (number),IC.BUS.NREG,10603
Croatia,HRV,2006,New businesses registered (number),IC.BUS.NREG,9913
Croatia,HRV,2023,Average time to clear exports through customs (days),IC.CUS.DURS.EX,1.139166474
Croatia,HRV,2019,Average time to clear exports through customs (days),IC.CUS.DURS.EX,2.083130836
Croatia,HRV,2013,Average time to clear exports through customs (days),IC.CUS.DURS.EX,1.809925199
Croatia,HRV,2007,Average time to clear exports through customs (days),IC.CUS.DURS.EX,1.308922768
Croatia,HRV,2005,Average time to clear exports through customs (days),IC.CUS.DURS.EX,2
Croatia,HRV,2002,Average time to clear exports through customs (days),IC.CUS.DURS.EX,2.7
Croatia,HRV,2023,Time to obtain an electrical connection (days),IC.ELC.DURS,124.365654
Croatia,HRV,2019,Time to obtain an electrical connection (days),IC.ELC.DURS,20.86283302
Croatia,HRV,2013,Time to obtain an electrical connection (days),IC.ELC.DURS,41.99289322
Croatia,HRV,2007,Time to obtain an electrical connection (days),IC.ELC.DURS,42.61494446
Croatia,HRV,2005,Time to obtain an electrical connection (days),IC.ELC.DURS,15.2
Croatia,HRV,2023,Firms experiencing electrical outages (% of firms),IC.ELC.OUTG.ZS,17.65062904
Croatia,HRV,2019,Firms experiencing electrical outages (% of firms),IC.ELC.OUTG.ZS,10.70313454
Croatia,HRV,2013,Firms experiencing electrical outages (% of firms),IC.ELC.OUTG.ZS,32.38237381
Croatia,HRV,2007,Firms experiencing electrical outages (% of firms),IC.ELC.OUTG.ZS,29.0726738
Croatia,HRV,2023,Firms using banks to finance working capital (% of firms),IC.FRM.BKWC.ZS,29.50821304
Croatia,HRV,2019,Firms using banks to finance working capital (% of firms),IC.FRM.BKWC.ZS,31.23469543
Croatia,HRV,2013,Firms using banks to finance working capital (% of firms),IC.FRM.BKWC.ZS,37.7830162
Croatia,HRV,2007,Firms using banks to finance working capital (% of firms),IC.FRM.BKWC.ZS,63.22317886
Croatia,HRV,2005,Firms using banks to finance working capital (% of firms),IC.FRM.BKWC.ZS,45.9
Croatia,HRV,2002,Firms using banks to finance working capital (% of firms),IC.FRM.BKWC.ZS,32.6
Croatia,HRV,2023,Firms using banks to finance investment (% of firms),IC.FRM.BNKS.ZS,30.87320328
Croatia,HRV,2019,Firms using banks to finance investment (% of firms),IC.FRM.BNKS.ZS,13.4550581
Croatia,HRV,2013,Firms using banks to finance investment (% of firms),IC.FRM.BNKS.ZS,28.54315186
Croatia,HRV,2007,Firms using banks to finance investment (% of firms),IC.FRM.BNKS.ZS,60.0029335
Croatia,HRV,2005,Firms using banks to finance investment (% of firms),IC.FRM.BNKS.ZS,45.8
Croatia,HRV,2002,Firms using banks to finance investment (% of firms),IC.FRM.BNKS.ZS,35.8
Croatia,HRV,2023,Bribery incidence (% of firms experiencing at least one bribe payment request),IC.FRM.BRIB.ZS,6.835537434
Croatia,HRV,2019,Bribery incidence (% of firms experiencing at least one bribe payment request),IC.FRM.BRIB.ZS,10.1413126
Croatia,HRV,2013,Bribery incidence (% of firms experiencing at least one bribe payment request),IC.FRM.BRIB.ZS,5.96425724
Croatia,HRV,2007,Bribery incidence (% of firms experiencing at least one bribe payment request),IC.FRM.BRIB.ZS,4.919712067
Croatia,HRV,2023,Firms competing against unregistered firms (% of firms),IC.FRM.CMPU.ZS,31.92194366
Croatia,HRV,2019,Firms competing against unregistered firms (% of firms),IC.FRM.CMPU.ZS,17.10647583
Croatia,HRV,2013,Firms competing against unregistered firms (% of firms),IC.FRM.CMPU.ZS,46.98921204
Croatia,HRV,2007,Firms competing against unregistered firms (% of firms),IC.FRM.CMPU.ZS,31.65867424
Croatia,HRV,2023,Informal payments to public officials (% of firms),IC.FRM.CORR.ZS,3.593667269
Croatia,HRV,2019,Informal payments to public officials (% of firms),IC.FRM.CORR.ZS,3.819885254
Croatia,HRV,2013,Informal payments to public officials (% of firms),IC.FRM.CORR.ZS,13.09828949
Croatia,HRV,2007,Informal payments to public officials (% of firms),IC.FRM.CORR.ZS,14.47855282
Croatia,HRV,2005,Informal payments to public officials (% of firms),IC.FRM.CORR.ZS,22.8
Croatia,HRV,2002,Informal payments to public officials (% of firms),IC.FRM.CORR.ZS,24.2
Croatia,HRV,2023,Time required to obtain an operating license (days),IC.FRM.DURS,31.82786369
Croatia,HRV,2019,Time required to obtain an operating license (days),IC.FRM.DURS,35.56195831
Croatia,HRV,2013,Time required to obtain an operating license (days),IC.FRM.DURS,51.86429596
Croatia,HRV,2007,Time required to obtain an operating license (days),IC.FRM.DURS,26.46345329
Croatia,HRV,2023,Firms with female top manager (% of firms),IC.FRM.FEMM.ZS,26.17508316
Croatia,HRV,2019,Firms with female top manager (% of firms),IC.FRM.FEMM.ZS,27.01951981
Croatia,HRV,2013,Firms with female top manager (% of firms),IC.FRM.FEMM.ZS,20.14292908
Croatia,HRV,2023,Firms with female participation in ownership (% of firms),IC.FRM.FEMO.ZS,34.33946609
Croatia,HRV,2019,Firms with female participation in ownership (% of firms),IC.FRM.FEMO.ZS,31.67683029
Croatia,HRV,2013,Firms with female participation in ownership (% of firms),IC.FRM.FEMO.ZS,36.33979797
Croatia,HRV,2007,Firms with female participation in ownership (% of firms),IC.FRM.FEMO.ZS,33.54055023
Croatia,HRV,2005,Firms with female participation in ownership (% of firms),IC.FRM.FEMO.ZS,19.2
Croatia,HRV,2023,Firms formally registered when operations started (% of firms),IC.FRM.FREG.ZS,90.95022583
Croatia,HRV,2019,Firms formally registered when operations started (% of firms),IC.FRM.FREG.ZS,99.23381042
Croatia,HRV,2013,Firms formally registered when operations started (% of firms),IC.FRM.FREG.ZS,96.36445618
Croatia,HRV,2007,Firms formally registered when operations started (% of firms),IC.FRM.FREG.ZS,98.07333374
Croatia,HRV,2005,Firms that do not report all sales for tax purposes (% of firms),IC.FRM.INFM.ZS,31.37
Croatia,HRV,2002,Firms that do not report all sales for tax purposes (% of firms),IC.FRM.INFM.ZS,47.19
Croatia,HRV,2023,Firms visited or required meetings with tax officials (% of firms),IC.FRM.METG.ZS,40.43613434
Croatia,HRV,2019,Firms visited or required meetings with tax officials (% of firms),IC.FRM.METG.ZS,22.67599678
Croatia,HRV,2013,Firms visited or required meetings with tax officials (% of firms),IC.FRM.METG.ZS,36.07960892
Croatia,HRV,2007,Firms visited or required meetings with tax officials (% of firms),IC.FRM.METG.ZS,41.12200165
Croatia,HRV,2023,Value lost due to electrical outages (% of sales for affected firms),IC.FRM.OUTG.ZS,0
Croatia,HRV,2019,Value lost due to electrical outages (% of sales for affected firms),IC.FRM.OUTG.ZS,0
Croatia,HRV,2013,Value lost due to electrical outages (% of sales for affected firms),IC.FRM.OUTG.ZS,0
Croatia,HRV,2007,Value lost due to electrical outages (% of sales for affected firms),IC.FRM.OUTG.ZS,0
Croatia,HRV,2023,Firms offering formal training (% of firms),IC.FRM.TRNG.ZS,24.3806591
Croatia,HRV,2019,Firms offering formal training (% of firms),IC.FRM.TRNG.ZS,26.18671036
Croatia,HRV,2013,Firms offering formal training (% of firms),IC.FRM.TRNG.ZS,49.53069305
Croatia,HRV,2007,Firms offering formal training (% of firms),IC.FRM.TRNG.ZS,28.01994514
Croatia,HRV,2005,Firms offering formal training (% of firms),IC.FRM.TRNG.ZS,62.6
Croatia,HRV,2002,Firms offering formal training (% of firms),IC.FRM.TRNG.ZS,91.3
Croatia,HRV,2023,Time spent dealing with the requirements of government regulations (% of senior management time),IC.GOV.DURS.ZS,8.817073822
Croatia,HRV,2019,Time spent dealing with the requirements of government regulations (% of senior management time),IC.GOV.DURS.ZS,15.03949165
Croatia,HRV,2013,Time spent dealing with the requirements of government regulations (% of senior management time),IC.GOV.DURS.ZS,19.13546181
Croatia,HRV,2007,Time spent dealing with the requirements of government regulations (% of senior management time),IC.GOV.DURS.ZS,10.92088223
Croatia,HRV,2005,Time spent dealing with the requirements of government regulations (% of senior management time),IC.GOV.DURS.ZS,2
Croatia,HRV,2002,Time spent dealing with the requirements of government regulations (% of senior management time),IC.GOV.DURS.ZS,5.3
Croatia,HRV,2023,Firms expected to give gifts in meetings with tax officials (% of firms),IC.TAX.GIFT.ZS,4.781634808
Croatia,HRV,2019,Firms expected to give gifts in meetings with tax officials (% of firms),IC.TAX.GIFT.ZS,12.59869862
Croatia,HRV,2013,Firms expected to give gifts in meetings with tax officials (% of firms),IC.TAX.GIFT.ZS,0
Croatia,HRV,2007,Firms expected to give gifts in meetings with tax officials (% of firms),IC.TAX.GIFT.ZS,6.043049812
Croatia,HRV,2005,Firms expected to give gifts in meetings with tax officials (% of firms),IC.TAX.GIFT.ZS,20.1
Croatia,HRV,2002,Firms expected to give gifts in meetings with tax officials (% of firms),IC.TAX.GIFT.ZS,43.1
Croatia,HRV,2023,Number of visits or required meetings with tax officials (average for affected firms),IC.TAX.METG,1.573641777
Croatia,HRV,2019,Number of visits or required meetings with tax officials (average for affected firms),IC.TAX.METG,1.611591458
Croatia,HRV,2013,Number of visits or required meetings with tax officials (average for affected firms),IC.TAX.METG,2.852193594
Croatia,HRV,2007,Number of visits or required meetings with tax officials (average for affected firms),IC.TAX.METG,1.651640058
Croatia,HRV,2014,"Lead time to export, median case (days)",LP.EXP.DURS.MD,2
Croatia,HRV,2012,"Lead time to export, median case (days)",LP.EXP.DURS.MD,1
Croatia,HRV,2010,"Lead time to export, median case (days)",LP.EXP.DURS.MD,1
Croatia,HRV,2007,"Lead time to export, median case (days)",LP.EXP.DURS.MD,4.3
Croatia,HRV,2014,"Lead time to import, median case (days)",LP.IMP.DURS.MD,3
Croatia,HRV,2012,"Lead time to import, median case (days)",LP.IMP.DURS.MD,8
Croatia,HRV,2010,"Lead time to import, median case (days)",LP.IMP.DURS.MD,1
Croatia,HRV,2007,"Lead time to import, median case (days)",LP.IMP.DURS.MD,2.9
Croatia,HRV,2022,Logistics performance index: Efficiency of customs clearance process (1=low to 5=high),LP.LPI.CUST.XQ,3
Croatia,HRV,2018,Logistics performance index: Efficiency of customs clearance process (1=low to 5=high),LP.LPI.CUST.XQ,2.98
Croatia,HRV,2016,Logistics performance index: Efficiency of customs clearance process (1=low to 5=high),LP.LPI.CUST.XQ,3.074242
Croatia,HRV,2014,Logistics performance index: Efficiency of customs clearance process (1=low to 5=high),LP.LPI.CUST.XQ,2.947368
Croatia,HRV,2012,Logistics performance index: Efficiency of customs clearance process (1=low to 5=high),LP.LPI.CUST.XQ,3.06
Croatia,HRV,2010,Logistics performance index: Efficiency of customs clearance process (1=low to 5=high),LP.LPI.CUST.XQ,2.62
Croatia,HRV,2007,Logistics performance index: Efficiency of customs clearance process (1=low to 5=high),LP.LPI.CUST.XQ,2.36
Croatia,HRV,2022,Logistics performance index: Quality of trade and transport-related infrastructure (1=low to 5=high),LP.LPI.INFR.XQ,3
Croatia,HRV,2018,Logistics performance index: Quality of trade and transport-related infrastructure (1=low to 5=high),LP.LPI.INFR.XQ,3.01
Croatia,HRV,2016,Logistics performance index: Quality of trade and transport-related infrastructure (1=low to 5=high),LP.LPI.INFR.XQ,2.989697
Croatia,HRV,2014,Logistics performance index: Quality of trade and transport-related infrastructure (1=low to 5=high),LP.LPI.INFR.XQ,2.922822
Croatia,HRV,2012,Logistics performance index: Quality of trade and transport-related infrastructure (1=low to 5=high),LP.LPI.INFR.XQ,3.35
Croatia,HRV,2010,Logistics performance index: Quality of trade and transport-related infrastructure (1=low to 5=high),LP.LPI.INFR.XQ,2.36
Croatia,HRV,2007,Logistics performance index: Quality of trade and transport-related infrastructure (1=low to 5=high),LP.LPI.INFR.XQ,2.5
Croatia,HRV,2022,Logistics performance index: Ease of arranging competitively priced shipments (1=low to 5=high),LP.LPI.ITRN.XQ,3.6
Croatia,HRV,2018,Logistics performance index: Ease of arranging competitively priced shipments (1=low to 5=high),LP.LPI.ITRN.XQ,2.93
Croatia,HRV,2016,Logistics performance index: Ease of arranging competitively priced shipments (1=low to 5=high),LP.LPI.ITRN.XQ,3.115366
Croatia,HRV,2014,Logistics performance index: Ease of arranging competitively priced shipments (1=low to 5=high),LP.LPI.ITRN.XQ,2.978378
Croatia,HRV,2012,Logistics performance index: Ease of arranging competitively priced shipments (1=low to 5=high),LP.LPI.ITRN.XQ,2.95
Croatia,HRV,2010,Logistics performance index: Ease of arranging competitively priced shipments (1=low to 5=high),LP.LPI.ITRN.XQ,2.97
Croatia,HRV,2007,Logistics performance index: Ease of arranging competitively priced shipments (1=low to 5=high),LP.LPI.ITRN.XQ,2.69
Croatia,HRV,2022,Logistics performance index: Competence and quality of logistics services (1=low to 5=high),LP.LPI.LOGS.XQ,3.4
Croatia,HRV,2018,Logistics performance index: Competence and quality of logistics services (1=low to 5=high),LP.LPI.LOGS.XQ,3.1
Croatia,HRV,2016,Logistics performance index: Competence and quality of logistics services (1=low to 5=high),LP.LPI.LOGS.XQ,3.214506
Croatia,HRV,2014,Logistics performance index: Competence and quality of logistics services (1=low to 5=high),LP.LPI.LOGS.XQ,3
Croatia,HRV,2012,Logistics performance index: Competence and quality of logistics services (1=low to 5=high),LP.LPI.LOGS.XQ,2.92
Croatia,HRV,2010,Logistics performance index: Competence and quality of logistics services (1=low to 5=high),LP.LPI.LOGS.XQ,2.53
Croatia,HRV,2007,Logistics performance index: Competence and quality of logistics services (1=low to 5=high),LP.LPI.LOGS.XQ,2.83
Croatia,HRV,2022,Logistics performance index: Overall (1=low to 5=high),LP.LPI.OVRL.XQ,3.3
Croatia,HRV,2018,Logistics performance index: Overall (1=low to 5=high),LP.LPI.OVRL.XQ,3.1
Croatia,HRV,2016,Logistics performance index: Overall (1=low to 5=high),LP.LPI.OVRL.XQ,3.160829
Croatia,HRV,2014,Logistics performance index: Overall (1=low to 5=high),LP.LPI.OVRL.XQ,3.052949
Croatia,HRV,2012,Logistics performance index: Overall (1=low to 5=high),LP.LPI.OVRL.XQ,3.16
Croatia,HRV,2010,Logistics performance index: Overall (1=low to 5=high),LP.LPI.OVRL.XQ,2.77
Croatia,HRV,2007,Logistics performance index: Overall (1=low to 5=high),LP.LPI.OVRL.XQ,2.71
Croatia,HRV,2022,Logistics performance index: Frequency with which shipments reach consignee within scheduled or expected time (1=low to 5=high),LP.LPI.TIME.XQ,3.2
Croatia,HRV,2018,Logistics performance index: Frequency with which shipments reach consignee within scheduled or expected time (1=low to 5=high),LP.LPI.TIME.XQ,3.59
Croatia,HRV,2016,Logistics performance index: Frequency with which shipments reach consignee within scheduled or expected time (1=low to 5=high),LP.LPI.TIME.XQ,3.389019
Croatia,HRV,2014,Logistics performance index: Frequency with which shipments reach consignee within scheduled or expected time (1=low to 5=high),LP.LPI.TIME.XQ,3.368421
Croatia,HRV,2012,Logistics performance index: Frequency with which shipments reach consignee within scheduled or expected time (1=low to 5=high),LP.LPI.TIME.XQ,3.54
Croatia,HRV,2010,Logistics performance index: Frequency with which shipments reach consignee within scheduled or expected time (1=low to 5=high),LP.LPI.TIME.XQ,3.22
Croatia,HRV,2007,Logistics performance index: Frequency with which shipments reach consignee within scheduled or expected time (1=low to 5=high),LP.LPI.TIME.XQ,3.45
Croatia,HRV,2022,Logistics performance index: Ability to track and trace consignments (1=low to 5=high),LP.LPI.TRAC.XQ,3.4
Croatia,HRV,2018,Logistics performance index: Ability to track and trace consignments (1=low to 5=high),LP.LPI.TRAC.XQ,3.01
Croatia,HRV,2016,Logistics performance index: Ability to track and trace consignments (1=low to 5=high),LP.LPI.TRAC.XQ,3.164506
Croatia,HRV,2014,Logistics performance index: Ability to track and trace consignments (1=low to 5=high),LP.LPI.TRAC.XQ,3.105263
Croatia,HRV,2012,Logistics performance index: Ability to track and trace consignments (1=low to 5=high),LP.LPI.TRAC.XQ,3.2
Croatia,HRV,2010,Logistics performance index: Ability to track and trace consignments (1=low to 5=high),LP.LPI.TRAC.XQ,2.82
Croatia,HRV,2007,Logistics performance index: Ability to track and trace consignments (1=low to 5=high),LP.LPI.TRAC.XQ,2.46
Croatia,HRV,2020,"International tourism, number of arrivals",ST.INT.ARVL,21608000
Croatia,HRV,2019,"International tourism, number of arrivals",ST.INT.ARVL,60021000
Croatia,HRV,2018,"International tourism, number of arrivals",ST.INT.ARVL,57668000
Croatia,HRV,2017,"International tourism, number of arrivals",ST.INT.ARVL,59238000
Croatia,HRV,2016,"International tourism, number of arrivals",ST.INT.ARVL,57587000
Croatia,HRV,2015,"International tourism, number of arrivals",ST.INT.ARVL,55858000
Croatia,HRV,2014,"International tourism, number of arrivals",ST.INT.ARVL,51168000
Croatia,HRV,2013,"International tourism, number of arrivals",ST.INT.ARVL,48345000
Croatia,HRV,2012,"International tourism, number of arrivals",ST.INT.ARVL,47185000
Croatia,HRV,2011,"International tourism, number of arrivals",ST.INT.ARVL,49969000
Croatia,HRV,2010,"International tourism, number of arrivals",ST.INT.ARVL,49006000
Croatia,HRV,2009,"International tourism, number of arrivals",ST.INT.ARVL,47573000
Croatia,HRV,2008,"International tourism, number of arrivals",ST.INT.ARVL,51336000
Croatia,HRV,2007,"International tourism, number of arrivals",ST.INT.ARVL,52271000
Croatia,HRV,2006,"International tourism, number of arrivals",ST.INT.ARVL,47733000
Croatia,HRV,2005,"International tourism, number of arrivals",ST.INT.ARVL,45762000
Croatia,HRV,2004,"International tourism, number of arrivals",ST.INT.ARVL,44974000
Croatia,HRV,2003,"International tourism, number of arrivals",ST.INT.ARVL,42857000
Croatia,HRV,2002,"International tourism, number of arrivals",ST.INT.ARVL,41737000
Croatia,HRV,2001,"International tourism, number of arrivals",ST.INT.ARVL,40129000
Croatia,HRV,2000,"International tourism, number of arrivals",ST.INT.ARVL,37226000
Croatia,HRV,1999,"International tourism, number of arrivals",ST.INT.ARVL,29215000
Croatia,HRV,1998,"International tourism, number of arrivals",ST.INT.ARVL,25499000
Croatia,HRV,1997,"International tourism, number of arrivals",ST.INT.ARVL,23660000
Croatia,HRV,1996,"International tourism, number of arrivals",ST.INT.ARVL,19085000
Croatia,HRV,1995,"International tourism, number of arrivals",ST.INT.ARVL,16100000
Croatia,HRV,2020,"International tourism, number of departures",ST.INT.DPRT,678000
Croatia,HRV,2019,"International tourism, number of departures",ST.INT.DPRT,3500000
Croatia,HRV,2018,"International tourism, number of departures",ST.INT.DPRT,2980000
Croatia,HRV,2017,"International tourism, number of departures",ST.INT.DPRT,2597000
Croatia,HRV,2016,"International tourism, number of departures",ST.INT.DPRT,2581000
Croatia,HRV,2015,"International tourism, number of departures",ST.INT.DPRT,4355000
Croatia,HRV,2014,"International tourism, number of departures",ST.INT.DPRT,4638000
Croatia,HRV,2013,"International tourism, number of departures",ST.INT.DPRT,5444000
Croatia,HRV,2012,"International tourism, number of departures",ST.INT.DPRT,5159000
Croatia,HRV,2011,"International tourism, number of departures",ST.INT.DPRT,5526000
Croatia,HRV,2009,"International tourism, number of departures",ST.INT.DPRT,4823000
Croatia,HRV,2008,"International tourism, number of departures",ST.INT.DPRT,4393000
Croatia,HRV,2020,"International tourism, receipts (current US$)",ST.INT.RCPT.CD,5631853027.34375
Croatia,HRV,2019,"International tourism, receipts (current US$)",ST.INT.RCPT.CD,11974000000
Croatia,HRV,2018,"International tourism, receipts (current US$)",ST.INT.RCPT.CD,11348000000
Croatia,HRV,2017,"International tourism, receipts (current US$)",ST.INT.RCPT.CD,10534000000
Croatia,HRV,2016,"International tourism, receipts (current US$)",ST.INT.RCPT.CD,9215000000
Croatia,HRV,2015,"International tourism, receipts (current US$)",ST.INT.RCPT.CD,8207000000
Croatia,HRV,2014,"International tourism, receipts (current US$)",ST.INT.RCPT.CD,10079000000
Croatia,HRV,2013,"International tourism, receipts (current US$)",ST.INT.RCPT.CD,9715000000
Croatia,HRV,2012,"International tourism, receipts (current US$)",ST.INT.RCPT.CD,8912000000
Croatia,HRV,2011,"International tourism, receipts (current US$)",ST.INT.RCPT.CD,9598000000
Croatia,HRV,2010,"International tourism, receipts (current US$)",ST.INT.RCPT.CD,8299000000
Croatia,HRV,2009,"International tourism, receipts (current US$)",ST.INT.RCPT.CD,9300000000
Croatia,HRV,2008,"International tourism, receipts (current US$)",ST.INT.RCPT.CD,11615000000
Croatia,HRV,2007,"International tourism, receipts (current US$)",ST.INT.RCPT.CD,9617000000
Croatia,HRV,2006,"International tourism, receipts (current US$)",ST.INT.RCPT.CD,8296000000
Croatia,HRV,2005,"International tourism, receipts (current US$)",ST.INT.RCPT.CD,7625000000
Croatia,HRV,2004,"International tourism, receipts (current US$)",ST.INT.RCPT.CD,6945000000
Croatia,HRV,2003,"International tourism, receipts (current US$)",ST.INT.RCPT.CD,6513000000
Croatia,HRV,2002,"International tourism, receipts (current US$)",ST.INT.RCPT.CD,3952000000
Croatia,HRV,2001,"International tourism, receipts (current US$)",ST.INT.RCPT.CD,3463000000
Croatia,HRV,2000,"International tourism, receipts (current US$)",ST.INT.RCPT.CD,2871000000
Croatia,HRV,1999,"International tourism, receipts (current US$)",ST.INT.RCPT.CD,2595000000
Croatia,HRV,2020,"International tourism, receipts (% of total exports)",ST.INT.RCPT.XP.ZS,23.4140153305095
Croatia,HRV,2019,"International tourism, receipts (% of total exports)",ST.INT.RCPT.XP.ZS,38.0022681419973
Croatia,HRV,2018,"International tourism, receipts (% of total exports)",ST.INT.RCPT.XP.ZS,37.0168427315026
Croatia,HRV,2017,"International tourism, receipts (% of total exports)",ST.INT.RCPT.XP.ZS,37.5700291981091
Croatia,HRV,2016,"International tourism, receipts (% of total exports)",ST.INT.RCPT.XP.ZS,37.3704083931443
Croatia,HRV,2015,"International tourism, receipts (% of total exports)",ST.INT.RCPT.XP.ZS,35.729987784969
Croatia,HRV,2014,"International tourism, receipts (% of total exports)",ST.INT.RCPT.XP.ZS,40.3618507921222
Croatia,HRV,2013,"International tourism, receipts (% of total exports)",ST.INT.RCPT.XP.ZS,41.3270508430112
Croatia,HRV,2012,"International tourism, receipts (% of total exports)",ST.INT.RCPT.XP.ZS,38.0950325877359
Croatia,HRV,2011,"International tourism, receipts (% of total exports)",ST.INT.RCPT.XP.ZS,39.3789315379639
Croatia,HRV,2010,"International tourism, receipts (% of total exports)",ST.INT.RCPT.XP.ZS,38.6001022555007
Croatia,HRV,2009,"International tourism, receipts (% of total exports)",ST.INT.RCPT.XP.ZS,45.1296760919164
Croatia,HRV,2008,"International tourism, receipts (% of total exports)",ST.INT.RCPT.XP.ZS,44.8432559724381
Croatia,HRV,2007,"International tourism, receipts (% of total exports)",ST.INT.RCPT.XP.ZS,42.0672953971222
Croatia,HRV,2006,"International tourism, receipts (% of total exports)",ST.INT.RCPT.XP.ZS,43.1054119854869
Croatia,HRV,2005,"International tourism, receipts (% of total exports)",ST.INT.RCPT.XP.ZS,45.9021032414286
Croatia,HRV,2004,"International tourism, receipts (% of total exports)",ST.INT.RCPT.XP.ZS,45.2625834775582
Croatia,HRV,2003,"International tourism, receipts (% of total exports)",ST.INT.RCPT.XP.ZS,52.1320301945385
Croatia,HRV,2002,"International tourism, receipts (% of total exports)",ST.INT.RCPT.XP.ZS,40.1004871598731
Croatia,HRV,2001,"International tourism, receipts (% of total exports)",ST.INT.RCPT.XP.ZS,40.0703267898142
Croatia,HRV,2000,"International tourism, receipts (% of total exports)",ST.INT.RCPT.XP.ZS,37.7035628380215
Croatia,HRV,1999,"International tourism, receipts (% of total exports)",ST.INT.RCPT.XP.ZS,31.9626615732651
Croatia,HRV,2020,"International tourism, receipts for passenger transport items (current US$)",ST.INT.TRNR.CD,63000000
Croatia,HRV,2019,"International tourism, receipts for passenger transport items (current US$)",ST.INT.TRNR.CD,221000000
Croatia,HRV,2018,"International tourism, receipts for passenger transport items (current US$)",ST.INT.TRNR.CD,221000000
Croatia,HRV,2017,"International tourism, receipts for passenger transport items (current US$)",ST.INT.TRNR.CD,214000000
Croatia,HRV,2016,"International tourism, receipts for passenger transport items (current US$)",ST.INT.TRNR.CD,187000000
Croatia,HRV,2015,"International tourism, receipts for passenger transport items (current US$)",ST.INT.TRNR.CD,185000000
Croatia,HRV,2014,"International tourism, receipts for passenger transport items (current US$)",ST.INT.TRNR.CD,216000000
Croatia,HRV,2013,"International tourism, receipts for passenger transport items (current US$)",ST.INT.TRNR.CD,203000000
Croatia,HRV,2012,"International tourism, receipts for passenger transport items (current US$)",ST.INT.TRNR.CD,229000000
Croatia,HRV,2011,"International tourism, receipts for passenger transport items (current US$)",ST.INT.TRNR.CD,250000000
Croatia,HRV,2010,"International tourism, receipts for passenger transport items (current US$)",ST.INT.TRNR.CD,230000000
Croatia,HRV,2009,"International tourism, receipts for passenger transport items (current US$)",ST.INT.TRNR.CD,308000000
Croatia,HRV,2008,"International tourism, receipts for passenger transport items (current US$)",ST.INT.TRNR.CD,401000000
Croatia,HRV,2007,"International tourism, receipts for passenger transport items (current US$)",ST.INT.TRNR.CD,368000000
Croatia,HRV,2006,"International tourism, receipts for passenger transport items (current US$)",ST.INT.TRNR.CD,306000000
Croatia,HRV,2005,"International tourism, receipts for passenger transport items (current US$)",ST.INT.TRNR.CD,255000000
Croatia,HRV,2004,"International tourism, receipts for passenger transport items (current US$)",ST.INT.TRNR.CD,218000000
Croatia,HRV,2003,"International tourism, receipts for passenger transport items (current US$)",ST.INT.TRNR.CD,203000000
Croatia,HRV,2002,"International tourism, receipts for passenger transport items (current US$)",ST.INT.TRNR.CD,141000000
Croatia,HRV,2001,"International tourism, receipts for passenger transport items (current US$)",ST.INT.TRNR.CD,128000000
Croatia,HRV,2000,"International tourism, receipts for passenger transport items (current US$)",ST.INT.TRNR.CD,113000000
Croatia,HRV,1999,"International tourism, receipts for passenger transport items (current US$)",ST.INT.TRNR.CD,102000000
Croatia,HRV,2020,"International tourism, expenditures for passenger transport items (current US$)",ST.INT.TRNX.CD,14000000
Croatia,HRV,2019,"International tourism, expenditures for passenger transport items (current US$)",ST.INT.TRNX.CD,47000000
Croatia,HRV,2018,"International tourism, expenditures for passenger transport items (current US$)",ST.INT.TRNX.CD,48000000
Croatia,HRV,2017,"International tourism, expenditures for passenger transport items (current US$)",ST.INT.TRNX.CD,41000000
Croatia,HRV,2016,"International tourism, expenditures for passenger transport items (current US$)",ST.INT.TRNX.CD,9000000
Croatia,HRV,2015,"International tourism, expenditures for passenger transport items (current US$)",ST.INT.TRNX.CD,15000000
Croatia,HRV,2014,"International tourism, expenditures for passenger transport items (current US$)",ST.INT.TRNX.CD,19000000
Croatia,HRV,2013,"International tourism, expenditures for passenger transport items (current US$)",ST.INT.TRNX.CD,20000000
Croatia,HRV,2012,"International tourism, expenditures for passenger transport items (current US$)",ST.INT.TRNX.CD,36000000
Croatia,HRV,2011,"International tourism, expenditures for passenger transport items (current US$)",ST.INT.TRNX.CD,37000000
Croatia,HRV,2010,"International tourism, expenditures for passenger transport items (current US$)",ST.INT.TRNX.CD,29000000
Croatia,HRV,2009,"International tourism, expenditures for passenger transport items (current US$)",ST.INT.TRNX.CD,28000000
Croatia,HRV,2008,"International tourism, expenditures for passenger transport items (current US$)",ST.INT.TRNX.CD,44000000
Croatia,HRV,2007,"International tourism, expenditures for passenger transport items (current US$)",ST.INT.TRNX.CD,40000000
Croatia,HRV,2006,"International tourism, expenditures for passenger transport items (current US$)",ST.INT.TRNX.CD,33000000
Croatia,HRV,2005,"International tourism, expenditures for passenger transport items (current US$)",ST.INT.TRNX.CD,32000000
Croatia,HRV,2004,"International tourism, expenditures for passenger transport items (current US$)",ST.INT.TRNX.CD,33000000
Croatia,HRV,2003,"International tourism, expenditures for passenger transport items (current US$)",ST.INT.TRNX.CD,37000000
Croatia,HRV,2002,"International tourism, expenditures for passenger transport items (current US$)",ST.INT.TRNX.CD,71000000
Croatia,HRV,2001,"International tourism, expenditures for passenger transport items (current US$)",ST.INT.TRNX.CD,71000000
Croatia,HRV,2000,"International tourism, expenditures for passenger transport items (current US$)",ST.INT.TRNX.CD,66000000
Croatia,HRV,1999,"International tourism, expenditures for passenger transport items (current US$)",ST.INT.TRNX.CD,55000000
Croatia,HRV,2020,"International tourism, receipts for travel items (current US$)",ST.INT.TVLR.CD,5568853027.34375
Croatia,HRV,2019,"International tourism, receipts for travel items (current US$)",ST.INT.TVLR.CD,11753000000
Croatia,HRV,2018,"International tourism, receipts for travel items (current US$)",ST.INT.TVLR.CD,11127000000
Croatia,HRV,2017,"International tourism, receipts for travel items (current US$)",ST.INT.TVLR.CD,10320000000
Croatia,HRV,2016,"International tourism, receipts for travel items (current US$)",ST.INT.TVLR.CD,9028000000
Croatia,HRV,2015,"International tourism, receipts for travel items (current US$)",ST.INT.TVLR.CD,8022000000
Croatia,HRV,2014,"International tourism, receipts for travel items (current US$)",ST.INT.TVLR.CD,9863000000
Croatia,HRV,2013,"International tourism, receipts for travel items (current US$)",ST.INT.TVLR.CD,9512000000
Croatia,HRV,2012,"International tourism, receipts for travel items (current US$)",ST.INT.TVLR.CD,8683000000
Croatia,HRV,2011,"International tourism, receipts for travel items (current US$)",ST.INT.TVLR.CD,9348000000
Croatia,HRV,2010,"International tourism, receipts for travel items (current US$)",ST.INT.TVLR.CD,8069000000
Croatia,HRV,2009,"International tourism, receipts for travel items (current US$)",ST.INT.TVLR.CD,8992000000
Croatia,HRV,2008,"International tourism, receipts for travel items (current US$)",ST.INT.TVLR.CD,11214000000
Croatia,HRV,2007,"International tourism, receipts for travel items (current US$)",ST.INT.TVLR.CD,9249000000
Croatia,HRV,2006,"International tourism, receipts for travel items (current US$)",ST.INT.TVLR.CD,7990000000
Croatia,HRV,2005,"International tourism, receipts for travel items (current US$)",ST.INT.TVLR.CD,7370000000
Croatia,HRV,2004,"International tourism, receipts for travel items (current US$)",ST.INT.TVLR.CD,6727000000
Croatia,HRV,2003,"International tourism, receipts for travel items (current US$)",ST.INT.TVLR.CD,6310000000
Croatia,HRV,2002,"International tourism, receipts for travel items (current US$)",ST.INT.TVLR.CD,3811000000
Croatia,HRV,2001,"International tourism, receipts for travel items (current US$)",ST.INT.TVLR.CD,3335000000
Croatia,HRV,2000,"International tourism, receipts for travel items (current US$)",ST.INT.TVLR.CD,2758000000
Croatia,HRV,1999,"International tourism, receipts for travel items (current US$)",ST.INT.TVLR.CD,2493000000
Croatia,HRV,1998,"International tourism, receipts for travel items (current US$)",ST.INT.TVLR.CD,2733399902.34375
Croatia,HRV,1997,"International tourism, receipts for travel items (current US$)",ST.INT.TVLR.CD,2523100097.65625
Croatia,HRV,1996,"International tourism, receipts for travel items (current US$)",ST.INT.TVLR.CD,2014000000
Croatia,HRV,1995,"International tourism, receipts for travel items (current US$)",ST.INT.TVLR.CD,1349000000
Croatia,HRV,2020,"International tourism, expenditures for travel items (current US$)",ST.INT.TVLX.CD,775687194.824219
Croatia,HRV,2019,"International tourism, expenditures for travel items (current US$)",ST.INT.TVLX.CD,1764000000
Croatia,HRV,2018,"International tourism, expenditures for travel items (current US$)",ST.INT.TVLX.CD,1693000000
Croatia,HRV,2017,"International tourism, expenditures for travel items (current US$)",ST.INT.TVLX.CD,1369000000
Croatia,HRV,2016,"International tourism, expenditures for travel items (current US$)",ST.INT.TVLX.CD,945000000
Croatia,HRV,2015,"International tourism, expenditures for travel items (current US$)",ST.INT.TVLX.CD,755000000
Croatia,HRV,2014,"International tourism, expenditures for travel items (current US$)",ST.INT.TVLX.CD,846000000
Croatia,HRV,2013,"International tourism, expenditures for travel items (current US$)",ST.INT.TVLX.CD,903000000
Croatia,HRV,2012,"International tourism, expenditures for travel items (current US$)",ST.INT.TVLX.CD,926000000
Croatia,HRV,2011,"International tourism, expenditures for travel items (current US$)",ST.INT.TVLX.CD,881000000
Croatia,HRV,2010,"International tourism, expenditures for travel items (current US$)",ST.INT.TVLX.CD,832000000
Croatia,HRV,2009,"International tourism, expenditures for travel items (current US$)",ST.INT.TVLX.CD,1014000000
Croatia,HRV,2008,"International tourism, expenditures for travel items (current US$)",ST.INT.TVLX.CD,1123000000
Croatia,HRV,2007,"International tourism, expenditures for travel items (current US$)",ST.INT.TVLX.CD,985000000
Croatia,HRV,2006,"International tourism, expenditures for travel items (current US$)",ST.INT.TVLX.CD,737000000
Croatia,HRV,2005,"International tourism, expenditures for travel items (current US$)",ST.INT.TVLX.CD,754000000
Croatia,HRV,2004,"International tourism, expenditures for travel items (current US$)",ST.INT.TVLX.CD,848000000
Croatia,HRV,2003,"International tourism, expenditures for travel items (current US$)",ST.INT.TVLX.CD,672000000
Croatia,HRV,2002,"International tourism, expenditures for travel items (current US$)",ST.INT.TVLX.CD,781000000
Croatia,HRV,2001,"International tourism, expenditures for travel items (current US$)",ST.INT.TVLX.CD,606000000
Croatia,HRV,2000,"International tourism, expenditures for travel items (current US$)",ST.INT.TVLX.CD,568000000
Croatia,HRV,1999,"International tourism, expenditures for travel items (current US$)",ST.INT.TVLX.CD,751000000
Croatia,HRV,1998,"International tourism, expenditures for travel items (current US$)",ST.INT.TVLX.CD,600000000
Croatia,HRV,1997,"International tourism, expenditures for travel items (current US$)",ST.INT.TVLX.CD,530000000
Croatia,HRV,1996,"International tourism, expenditures for travel items (current US$)",ST.INT.TVLX.CD,510000000
Croatia,HRV,1995,"International tourism, expenditures for travel items (current US$)",ST.INT.TVLX.CD,422000000
Croatia,HRV,2020,"International tourism, expenditures (current US$)",ST.INT.XPND.CD,789687194.824219
Croatia,HRV,2019,"International tourism, expenditures (current US$)",ST.INT.XPND.CD,1811000000
Croatia,HRV,2018,"International tourism, expenditures (current US$)",ST.INT.XPND.CD,1741000000
Croatia,HRV,2017,"International tourism, expenditures (current US$)",ST.INT.XPND.CD,1410000000
Croatia,HRV,2016,"International tourism, expenditures (current US$)",ST.INT.XPND.CD,954000000
Croatia,HRV,2015,"International tourism, expenditures (current US$)",ST.INT.XPND.CD,770000000
Croatia,HRV,2014,"International tourism, expenditures (current US$)",ST.INT.XPND.CD,865000000
Croatia,HRV,2013,"International tourism, expenditures (current US$)",ST.INT.XPND.CD,923000000
Croatia,HRV,2012,"International tourism, expenditures (current US$)",ST.INT.XPND.CD,962000000
Croatia,HRV,2011,"International tourism, expenditures (current US$)",ST.INT.XPND.CD,918000000
Croatia,HRV,2010,"International tourism, expenditures (current US$)",ST.INT.XPND.CD,861000000
Croatia,HRV,2009,"International tourism, expenditures (current US$)",ST.INT.XPND.CD,1042000000
Croatia,HRV,2008,"International tourism, expenditures (current US$)",ST.INT.XPND.CD,1167000000
Croatia,HRV,2007,"International tourism, expenditures (current US$)",ST.INT.XPND.CD,1025000000
Croatia,HRV,2006,"International tourism, expenditures (current US$)",ST.INT.XPND.CD,770000000
Croatia,HRV,2005,"International tourism, expenditures (current US$)",ST.INT.XPND.CD,786000000
Croatia,HRV,2004,"International tourism, expenditures (current US$)",ST.INT.XPND.CD,881000000
Croatia,HRV,2003,"International tourism, expenditures (current US$)",ST.INT.XPND.CD,709000000
Croatia,HRV,2002,"International tourism, expenditures (current US$)",ST.INT.XPND.CD,852000000
Croatia,HRV,2001,"International tourism, expenditures (current US$)",ST.INT.XPND.CD,677000000
Croatia,HRV,2000,"International tourism, expenditures (current US$)",ST.INT.XPND.CD,634000000
Croatia,HRV,1999,"International tourism, expenditures (current US$)",ST.INT.XPND.CD,806000000
Croatia,HRV,2020,"International tourism, expenditures (% of total imports)",ST.INT.XPND.MP.ZS,2.81999074124789
Croatia,HRV,2019,"International tourism, expenditures (% of total imports)",ST.INT.XPND.MP.ZS,5.69597117033519
Croatia,HRV,2018,"International tourism, expenditures (% of total imports)",ST.INT.XPND.MP.ZS,5.56367646553491
Croatia,HRV,2017,"International tourism, expenditures (% of total imports)",ST.INT.XPND.MP.ZS,5.13830654635478
Croatia,HRV,2016,"International tourism, expenditures (% of total imports)",ST.INT.XPND.MP.ZS,3.97690226086533
Croatia,HRV,2015,"International tourism, expenditures (% of total imports)",ST.INT.XPND.MP.ZS,3.3720989608729
Croatia,HRV,2014,"International tourism, expenditures (% of total imports)",ST.INT.XPND.MP.ZS,3.43155807299511
Croatia,HRV,2013,"International tourism, expenditures (% of total imports)",ST.INT.XPND.MP.ZS,3.74048780779435
Croatia,HRV,2012,"International tourism, expenditures (% of total imports)",ST.INT.XPND.MP.ZS,4.13759127022162
Croatia,HRV,2011,"International tourism, expenditures (% of total imports)",ST.INT.XPND.MP.ZS,3.62155873687709
Croatia,HRV,2010,"International tourism, expenditures (% of total imports)",ST.INT.XPND.MP.ZS,3.80280605518447
Croatia,HRV,2009,"International tourism, expenditures (% of total imports)",ST.INT.XPND.MP.ZS,4.33864033103324
Croatia,HRV,2008,"International tourism, expenditures (% of total imports)",ST.INT.XPND.MP.ZS,3.53966946341047
Croatia,HRV,2007,"International tourism, expenditures (% of total imports)",ST.INT.XPND.MP.ZS,3.6716509828522
Croatia,HRV,2006,"International tourism, expenditures (% of total imports)",ST.INT.XPND.MP.ZS,3.28010727318647
Croatia,HRV,2005,"International tourism, expenditures (% of total imports)",ST.INT.XPND.MP.ZS,3.8084570622023
Croatia,HRV,2004,"International tourism, expenditures (% of total imports)",ST.INT.XPND.MP.ZS,4.65093657989414
Croatia,HRV,2003,"International tourism, expenditures (% of total imports)",ST.INT.XPND.MP.ZS,4.39318569948235
Croatia,HRV,2002,"International tourism, expenditures (% of total imports)",ST.INT.XPND.MP.ZS,6.90221997323496
Croatia,HRV,2001,"International tourism, expenditures (% of total imports)",ST.INT.XPND.MP.ZS,6.88300231912075
Croatia,HRV,2000,"International tourism, expenditures (% of total imports)",ST.INT.XPND.MP.ZS,7.37573955133461
Croatia,HRV,1999,"International tourism, expenditures (% of total imports)",ST.INT.XPND.MP.ZS,8.26363857691421
Croatia,HRV,2024,Merchandise trade (% of GDP),TG.VAL.TOTL.GD.ZS,77.4029609911947
Croatia,HRV,2023,Merchandise trade (% of GDP),TG.VAL.TOTL.GD.ZS,81.0616462889388
Croatia,HRV,2022,Merchandise trade (% of GDP),TG.VAL.TOTL.GD.ZS,98.4428983780884
Croatia,HRV,2021,Merchandise trade (% of GDP),TG.VAL.TOTL.GD.ZS,81.7383187179885
Croatia,HRV,2020,Merchandise trade (% of GDP),TG.VAL.TOTL.GD.ZS,75.9496891360607
Croatia,HRV,2019,Merchandise trade (% of GDP),TG.VAL.TOTL.GD.ZS,73.7624588146888
Croatia,HRV,2018,Merchandise trade (% of GDP),TG.VAL.TOTL.GD.ZS,73.9522990389744
Croatia,HRV,2017,Merchandise trade (% of GDP),TG.VAL.TOTL.GD.ZS,72.7901281100965
Croatia,HRV,2016,Merchandise trade (% of GDP),TG.VAL.TOTL.GD.ZS,67.8304015217027
Croatia,HRV,2015,Merchandise trade (% of GDP),TG.VAL.TOTL.GD.ZS,65.6717345686327
Croatia,HRV,2014,Merchandise trade (% of GDP),TG.VAL.TOTL.GD.ZS,61.4706962255858
Croatia,HRV,2013,Merchandise trade (% of GDP),TG.VAL.TOTL.GD.ZS,57.9442081900877
Croatia,HRV,2012,Merchandise trade (% of GDP),TG.VAL.TOTL.GD.ZS,57.6922103690126
Croatia,HRV,2011,Merchandise trade (% of GDP),TG.VAL.TOTL.GD.ZS,57.2318935242953
Croatia,HRV,2010,Merchandise trade (% of GDP),TG.VAL.TOTL.GD.ZS,54.0387594725281
Croatia,HRV,2009,Merchandise trade (% of GDP),TG.VAL.TOTL.GD.ZS,50.5859584647665
Croatia,HRV,2008,Merchandise trade (% of GDP),TG.VAL.TOTL.GD.ZS,65.4801421467029
Croatia,HRV,2007,Merchandise trade (% of GDP),TG.VAL.TOTL.GD.ZS,64.0103036861604
Croatia,HRV,2006,Merchandise trade (% of GDP),TG.VAL.TOTL.GD.ZS,64.2022042753361
Croatia,HRV,2005,Merchandise trade (% of GDP),TG.VAL.TOTL.GD.ZS,60.8578130933318
Croatia,HRV,2004,Merchandise trade (% of GDP),TG.VAL.TOTL.GD.ZS,58.8962327429413
Croatia,HRV,2003,Merchandise trade (% of GDP),TG.VAL.TOTL.GD.ZS,57.8686808206192
Croatia,HRV,2002,Merchandise trade (% of GDP),TG.VAL.TOTL.GD.ZS,58.3644592383624
Croatia,HRV,2001,Merchandise trade (% of GDP),TG.VAL.TOTL.GD.ZS,59.8823841574577
Croatia,HRV,2000,Merchandise trade (% of GDP),TG.VAL.TOTL.GD.ZS,55.655421933026
Croatia,HRV,1999,Merchandise trade (% of GDP),TG.VAL.TOTL.GD.ZS,50.897869242994
Croatia,HRV,1998,Merchandise trade (% of GDP),TG.VAL.TOTL.GD.ZS,49.4124647634006
Croatia,HRV,1997,Merchandise trade (% of GDP),TG.VAL.TOTL.GD.ZS,54.1120419629522
Croatia,HRV,1996,Merchandise trade (% of GDP),TG.VAL.TOTL.GD.ZS,51.4554724106566
Croatia,HRV,1995,Merchandise trade (% of GDP),TG.VAL.TOTL.GD.ZS,52.1201227903767
Croatia,HRV,1994,Merchandise trade (% of GDP),TG.VAL.TOTL.GD.ZS,62.9957888712747
Croatia,HRV,1993,Merchandise trade (% of GDP),TG.VAL.TOTL.GD.ZS,76.1924359946469
Croatia,HRV,1992,Merchandise trade (% of GDP),TG.VAL.TOTL.GD.ZS,85.64970344376
Croatia,HRV,2023,Import volume index (2015 = 100),TM.QTY.MRCH.XD.WD,136
Croatia,HRV,2022,Import volume index (2015 = 100),TM.QTY.MRCH.XD.WD,134.2
Croatia,HRV,2021,Import volume index (2015 = 100),TM.QTY.MRCH.XD.WD,124.7
Croatia,HRV,2020,Import volume index (2015 = 100),TM.QTY.MRCH.XD.WD,116.1
Croatia,HRV,2019,Import volume index (2015 = 100),TM.QTY.MRCH.XD.WD,121.7
Croatia,HRV,2018,Import volume index (2015 = 100),TM.QTY.MRCH.XD.WD,117.6
Croatia,HRV,2017,Import volume index (2015 = 100),TM.QTY.MRCH.XD.WD,113.3
Croatia,HRV,2016,Import volume index (2015 = 100),TM.QTY.MRCH.XD.WD,107.9
Croatia,HRV,2015,Import volume index (2015 = 100),TM.QTY.MRCH.XD.WD,100
Croatia,HRV,2014,Import volume index (2015 = 100),TM.QTY.MRCH.XD.WD,90.2
Croatia,HRV,2013,Import volume index (2015 = 100),TM.QTY.MRCH.XD.WD,85.5
Croatia,HRV,2012,Import volume index (2015 = 100),TM.QTY.MRCH.XD.WD,81.6
Croatia,HRV,2011,Import volume index (2015 = 100),TM.QTY.MRCH.XD.WD,85.4
Croatia,HRV,2010,Import volume index (2015 = 100),TM.QTY.MRCH.XD.WD,86.5
Croatia,HRV,2009,Import volume index (2015 = 100),TM.QTY.MRCH.XD.WD,91.2
Croatia,HRV,2008,Import volume index (2015 = 100),TM.QTY.MRCH.XD.WD,115.2
Croatia,HRV,2007,Import volume index (2015 = 100),TM.QTY.MRCH.XD.WD,112.8
Croatia,HRV,2006,Import volume index (2015 = 100),TM.QTY.MRCH.XD.WD,106.1
Croatia,HRV,2005,Import volume index (2015 = 100),TM.QTY.MRCH.XD.WD,97.9
Croatia,HRV,2004,Import volume index (2015 = 100),TM.QTY.MRCH.XD.WD,92.8500021949
Croatia,HRV,2003,Import volume index (2015 = 100),TM.QTY.MRCH.XD.WD,89.5817182991
Croatia,HRV,2002,Import volume index (2015 = 100),TM.QTY.MRCH.XD.WD,72.0188275571
Croatia,HRV,2001,Import volume index (2015 = 100),TM.QTY.MRCH.XD.WD,61.0084521082
Croatia,HRV,2000,Import volume index (2015 = 100),TM.QTY.MRCH.XD.WD,51.2030640176
Croatia,HRV,2022,"Binding coverage, manufactured products (%)",TM.TAX.MANF.BC.ZS,0
Croatia,HRV,2021,"Binding coverage, manufactured products (%)",TM.TAX.MANF.BC.ZS,100
Croatia,HRV,2020,"Binding coverage, manufactured products (%)",TM.TAX.MANF.BC.ZS,100
Croatia,HRV,2019,"Binding coverage, manufactured products (%)",TM.TAX.MANF.BC.ZS,100
Croatia,HRV,2018,"Binding coverage, manufactured products (%)",TM.TAX.MANF.BC.ZS,100
Croatia,HRV,2017,"Binding coverage, manufactured products (%)",TM.TAX.MANF.BC.ZS,100
Croatia,HRV,2016,"Binding coverage, manufactured products (%)",TM.TAX.MANF.BC.ZS,100
Croatia,HRV,2015,"Binding coverage, manufactured products (%)",TM.TAX.MANF.BC.ZS,100
Croatia,HRV,2014,"Binding coverage, manufactured products (%)",TM.TAX.MANF.BC.ZS,100
Croatia,HRV,2013,"Binding coverage, manufactured products (%)",TM.TAX.MANF.BC.ZS,100
Croatia,HRV,2012,"Binding coverage, manufactured products (%)",TM.TAX.MANF.BC.ZS,0
Croatia,HRV,2011,"Binding coverage, manufactured products (%)",TM.TAX.MANF.BC.ZS,0
Croatia,HRV,2010,"Binding coverage, manufactured products (%)",TM.TAX.MANF.BC.ZS,0
Croatia,HRV,2009,"Binding coverage, manufactured products (%)",TM.TAX.MANF.BC.ZS,0
Croatia,HRV,2008,"Binding coverage, manufactured products (%)",TM.TAX.MANF.BC.ZS,0
Croatia,HRV,2007,"Binding coverage, manufactured products (%)",TM.TAX.MANF.BC.ZS,0
Croatia,HRV,2006,"Binding coverage, manufactured products (%)",TM.TAX.MANF.BC.ZS,0
Croatia,HRV,2005,"Binding coverage, manufactured products (%)",TM.TAX.MANF.BC.ZS,0
Croatia,HRV,2004,"Binding coverage, manufactured products (%)",TM.TAX.MANF.BC.ZS,0
Croatia,HRV,2003,"Binding coverage, manufactured products (%)",TM.TAX.MANF.BC.ZS,0
Croatia,HRV,2002,"Binding coverage, manufactured products (%)",TM.TAX.MANF.BC.ZS,0
Croatia,HRV,2001,"Binding coverage, manufactured products (%)",TM.TAX.MANF.BC.ZS,0
Croatia,HRV,2021,"Bound rate, simple mean, manufactured products (%)",TM.TAX.MANF.BR.ZS,4
Croatia,HRV,2020,"Bound rate, simple mean, manufactured products (%)",TM.TAX.MANF.BR.ZS,4
Croatia,HRV,2019,"Bound rate, simple mean, manufactured products (%)",TM.TAX.MANF.BR.ZS,4
Croatia,HRV,2018,"Bound rate, simple mean, manufactured products (%)",TM.TAX.MANF.BR.ZS,4
Croatia,HRV,2017,"Bound rate, simple mean, manufactured products (%)",TM.TAX.MANF.BR.ZS,4
Croatia,HRV,2016,"Bound rate, simple mean, manufactured products (%)",TM.TAX.MANF.BR.ZS,3.99
Croatia,HRV,2015,"Bound rate, simple mean, manufactured products (%)",TM.TAX.MANF.BR.ZS,3.99
Croatia,HRV,2014,"Bound rate, simple mean, manufactured products (%)",TM.TAX.MANF.BR.ZS,4.15
Croatia,HRV,2013,"Bound rate, simple mean, manufactured products (%)",TM.TAX.MANF.BR.ZS,4.15
Croatia,HRV,2022,"Tariff rate, applied, simple mean, manufactured products (%)",TM.TAX.MANF.SM.AR.ZS,1.44
Croatia,HRV,2021,"Tariff rate, applied, simple mean, manufactured products (%)",TM.TAX.MANF.SM.AR.ZS,1.67
Croatia,HRV,2020,"Tariff rate, applied, simple mean, manufactured products (%)",TM.TAX.MANF.SM.AR.ZS,1.6
Croatia,HRV,2019,"Tariff rate, applied, simple mean, manufactured products (%)",TM.TAX.MANF.SM.AR.ZS,1.79
Croatia,HRV,2018,"Tariff rate, applied, simple mean, manufactured products (%)",TM.TAX.MANF.SM.AR.ZS,1.81
Croatia,HRV,2017,"Tariff rate, applied, simple mean, manufactured products (%)",TM.TAX.MANF.SM.AR.ZS,1.87
Croatia,HRV,2016,"Tariff rate, applied, simple mean, manufactured products (%)",TM.TAX.MANF.SM.AR.ZS,1.75
Croatia,HRV,2015,"Tariff rate, applied, simple mean, manufactured products (%)",TM.TAX.MANF.SM.AR.ZS,2.03
Croatia,HRV,2014,"Tariff rate, applied, simple mean, manufactured products (%)",TM.TAX.MANF.SM.AR.ZS,2.07
Croatia,HRV,2013,"Tariff rate, applied, simple mean, manufactured products (%)",TM.TAX.MANF.SM.AR.ZS,1.47
Croatia,HRV,2012,"Tariff rate, applied, simple mean, manufactured products (%)",TM.TAX.MANF.SM.AR.ZS,2.15
Croatia,HRV,2011,"Tariff rate, applied, simple mean, manufactured products (%)",TM.TAX.MANF.SM.AR.ZS,2.07
Croatia,HRV,2010,"Tariff rate, applied, simple mean, manufactured products (%)",TM.TAX.MANF.SM.AR.ZS,2.04
Croatia,HRV,2009,"Tariff rate, applied, simple mean, manufactured products (%)",TM.TAX.MANF.SM.AR.ZS,2.06
Croatia,HRV,2008,"Tariff rate, applied, simple mean, manufactured products (%)",TM.TAX.MANF.SM.AR.ZS,2.22
Croatia,HRV,2007,"Tariff rate, applied, simple mean, manufactured products (%)",TM.TAX.MANF.SM.AR.ZS,2.22
Croatia,HRV,2006,"Tariff rate, applied, simple mean, manufactured products (%)",TM.TAX.MANF.SM.AR.ZS,2.07
Croatia,HRV,2005,"Tariff rate, applied, simple mean, manufactured products (%)",TM.TAX.MANF.SM.AR.ZS,2.1
Croatia,HRV,2004,"Tariff rate, applied, simple mean, manufactured products (%)",TM.TAX.MANF.SM.AR.ZS,2.19
Croatia,HRV,2003,"Tariff rate, applied, simple mean, manufactured products (%)",TM.TAX.MANF.SM.AR.ZS,3.82
Croatia,HRV,2002,"Tariff rate, applied, simple mean, manufactured products (%)",TM.TAX.MANF.SM.AR.ZS,5.66
Croatia,HRV,2001,"Tariff rate, applied, simple mean, manufactured products (%)",TM.TAX.MANF.SM.AR.ZS,7.81
Croatia,HRV,2022,"Tariff rate, most favored nation, simple mean, manufactured products (%)",TM.TAX.MANF.SM.FN.ZS,4.03
Croatia,HRV,2021,"Tariff rate, most favored nation, simple mean, manufactured products (%)",TM.TAX.MANF.SM.FN.ZS,4.1
Croatia,HRV,2020,"Tariff rate, most favored nation, simple mean, manufactured products (%)",TM.TAX.MANF.SM.FN.ZS,3.96
Croatia,HRV,2019,"Tariff rate, most favored nation, simple mean, manufactured products (%)",TM.TAX.MANF.SM.FN.ZS,4.1
Croatia,HRV,2018,"Tariff rate, most favored nation, simple mean, manufactured products (%)",TM.TAX.MANF.SM.FN.ZS,4.12
Croatia,HRV,2017,"Tariff rate, most favored nation, simple mean, manufactured products (%)",TM.TAX.MANF.SM.FN.ZS,4.14
Croatia,HRV,2016,"Tariff rate, most favored nation, simple mean, manufactured products (%)",TM.TAX.MANF.SM.FN.ZS,4.13
Croatia,HRV,2015,"Tariff rate, most favored nation, simple mean, manufactured products (%)",TM.TAX.MANF.SM.FN.ZS,4.19
Croatia,HRV,2014,"Tariff rate, most favored nation, simple mean, manufactured products (%)",TM.TAX.MANF.SM.FN.ZS,4.18
Croatia,HRV,2013,"Tariff rate, most favored nation, simple mean, manufactured products (%)",TM.TAX.MANF.SM.FN.ZS,4.19
Croatia,HRV,2012,"Tariff rate, most favored nation, simple mean, manufactured products (%)",TM.TAX.MANF.SM.FN.ZS,4.13
Croatia,HRV,2011,"Tariff rate, most favored nation, simple mean, manufactured products (%)",TM.TAX.MANF.SM.FN.ZS,4.13
Croatia,HRV,2010,"Tariff rate, most favored nation, simple mean, manufactured products (%)",TM.TAX.MANF.SM.FN.ZS,4.13
Croatia,HRV,2009,"Tariff rate, most favored nation, simple mean, manufactured products (%)",TM.TAX.MANF.SM.FN.ZS,4.14
Croatia,HRV,2008,"Tariff rate, most favored nation, simple mean, manufactured products (%)",TM.TAX.MANF.SM.FN.ZS,4.14
Croatia,HRV,2007,"Tariff rate, most favored nation, simple mean, manufactured products (%)",TM.TAX.MANF.SM.FN.ZS,4.15
Croatia,HRV,2006,"Tariff rate, most favored nation, simple mean, manufactured products (%)",TM.TAX.MANF.SM.FN.ZS,4.12
Croatia,HRV,2005,"Tariff rate, most favored nation, simple mean, manufactured products (%)",TM.TAX.MANF.SM.FN.ZS,4.04
Croatia,HRV,2004,"Tariff rate, most favored nation, simple mean, manufactured products (%)",TM.TAX.MANF.SM.FN.ZS,4.14
Croatia,HRV,2003,"Tariff rate, most favored nation, simple mean, manufactured products (%)",TM.TAX.MANF.SM.FN.ZS,4.25
Croatia,HRV,2002,"Tariff rate, most favored nation, simple mean, manufactured products (%)",TM.TAX.MANF.SM.FN.ZS,4.44
Croatia,HRV,2001,"Tariff rate, most favored nation, simple mean, manufactured products (%)",TM.TAX.MANF.SM.FN.ZS,10.37
Croatia,HRV,2022,"Tariff rate, applied, weighted mean, manufactured products (%)",TM.TAX.MANF.WM.AR.ZS,1.64
Croatia,HRV,2021,"Tariff rate, applied, weighted mean, manufactured products (%)",TM.TAX.MANF.WM.AR.ZS,1.43
Croatia,HRV,2020,"Tariff rate, applied, weighted mean, manufactured products (%)",TM.TAX.MANF.WM.AR.ZS,1.8
Croatia,HRV,2019,"Tariff rate, applied, weighted mean, manufactured products (%)",TM.TAX.MANF.WM.AR.ZS,2.01
Croatia,HRV,2018,"Tariff rate, applied, weighted mean, manufactured products (%)",TM.TAX.MANF.WM.AR.ZS,1.98
Croatia,HRV,2017,"Tariff rate, applied, weighted mean, manufactured products (%)",TM.TAX.MANF.WM.AR.ZS,2.08
Croatia,HRV,2016,"Tariff rate, applied, weighted mean, manufactured products (%)",TM.TAX.MANF.WM.AR.ZS,2.12
Croatia,HRV,2015,"Tariff rate, applied, weighted mean, manufactured products (%)",TM.TAX.MANF.WM.AR.ZS,2.26
Croatia,HRV,2014,"Tariff rate, applied, weighted mean, manufactured products (%)",TM.TAX.MANF.WM.AR.ZS,2.27
Croatia,HRV,2013,"Tariff rate, applied, weighted mean, manufactured products (%)",TM.TAX.MANF.WM.AR.ZS,1.62
Croatia,HRV,2012,"Tariff rate, applied, weighted mean, manufactured products (%)",TM.TAX.MANF.WM.AR.ZS,1.07
Croatia,HRV,2011,"Tariff rate, applied, weighted mean, manufactured products (%)",TM.TAX.MANF.WM.AR.ZS,1.03
Croatia,HRV,2010,"Tariff rate, applied, weighted mean, manufactured products (%)",TM.TAX.MANF.WM.AR.ZS,0.97
Croatia,HRV,2009,"Tariff rate, applied, weighted mean, manufactured products (%)",TM.TAX.MANF.WM.AR.ZS,0.9
Croatia,HRV,2008,"Tariff rate, applied, weighted mean, manufactured products (%)",TM.TAX.MANF.WM.AR.ZS,0.85
Croatia,HRV,2007,"Tariff rate, applied, weighted mean, manufactured products (%)",TM.TAX.MANF.WM.AR.ZS,0.8
Croatia,HRV,2006,"Tariff rate, applied, weighted mean, manufactured products (%)",TM.TAX.MANF.WM.AR.ZS,0.75
Croatia,HRV,2005,"Tariff rate, applied, weighted mean, manufactured products (%)",TM.TAX.MANF.WM.AR.ZS,0.75
Croatia,HRV,2004,"Tariff rate, applied, weighted mean, manufactured products (%)",TM.TAX.MANF.WM.AR.ZS,0.71
Croatia,HRV,2003,"Tariff rate, applied, weighted mean, manufactured products (%)",TM.TAX.MANF.WM.AR.ZS,1.98
Croatia,HRV,2002,"Tariff rate, applied, weighted mean, manufactured products (%)",TM.TAX.MANF.WM.AR.ZS,4.57
Croatia,HRV,2001,"Tariff rate, applied, weighted mean, manufactured products (%)",TM.TAX.MANF.WM.AR.ZS,4.69
Croatia,HRV,2022,"Tariff rate, most favored nation, weighted mean, manufactured products (%)",TM.TAX.MANF.WM.FN.ZS,3.24
Croatia,HRV,2021,"Tariff rate, most favored nation, weighted mean, manufactured products (%)",TM.TAX.MANF.WM.FN.ZS,2.9
Croatia,HRV,2020,"Tariff rate, most favored nation, weighted mean, manufactured products (%)",TM.TAX.MANF.WM.FN.ZS,3.23
Croatia,HRV,2019,"Tariff rate, most favored nation, weighted mean, manufactured products (%)",TM.TAX.MANF.WM.FN.ZS,3.39
Croatia,HRV,2018,"Tariff rate, most favored nation, weighted mean, manufactured products (%)",TM.TAX.MANF.WM.FN.ZS,3.42
Croatia,HRV,2017,"Tariff rate, most favored nation, weighted mean, manufactured products (%)",TM.TAX.MANF.WM.FN.ZS,3.47
Croatia,HRV,2016,"Tariff rate, most favored nation, weighted mean, manufactured products (%)",TM.TAX.MANF.WM.FN.ZS,3.39
Croatia,HRV,2015,"Tariff rate, most favored nation, weighted mean, manufactured products (%)",TM.TAX.MANF.WM.FN.ZS,3.43
Croatia,HRV,2014,"Tariff rate, most favored nation, weighted mean, manufactured products (%)",TM.TAX.MANF.WM.FN.ZS,3.42
Croatia,HRV,2013,"Tariff rate, most favored nation, weighted mean, manufactured products (%)",TM.TAX.MANF.WM.FN.ZS,3.39
Croatia,HRV,2012,"Tariff rate, most favored nation, weighted mean, manufactured products (%)",TM.TAX.MANF.WM.FN.ZS,4
Croatia,HRV,2011,"Tariff rate, most favored nation, weighted mean, manufactured products (%)",TM.TAX.MANF.WM.FN.ZS,4
Croatia,HRV,2010,"Tariff rate, most favored nation, weighted mean, manufactured products (%)",TM.TAX.MANF.WM.FN.ZS,3.89
Croatia,HRV,2009,"Tariff rate, most favored nation, weighted mean, manufactured products (%)",TM.TAX.MANF.WM.FN.ZS,4.1
Croatia,HRV,2008,"Tariff rate, most favored nation, weighted mean, manufactured products (%)",TM.TAX.MANF.WM.FN.ZS,3.94
Croatia,HRV,2007,"Tariff rate, most favored nation, weighted mean, manufactured products (%)",TM.TAX.MANF.WM.FN.ZS,4.05
Croatia,HRV,2006,"Tariff rate, most favored nation, weighted mean, manufactured products (%)",TM.TAX.MANF.WM.FN.ZS,4.06
Croatia,HRV,2005,"Tariff rate, most favored nation, weighted mean, manufactured products (%)",TM.TAX.MANF.WM.FN.ZS,3.87
Croatia,HRV,2004,"Tariff rate, most favored nation, weighted mean, manufactured products (%)",TM.TAX.MANF.WM.FN.ZS,4.07
Croatia,HRV,2003,"Tariff rate, most favored nation, weighted mean, manufactured products (%)",TM.TAX.MANF.WM.FN.ZS,4.23
Croatia,HRV,2002,"Tariff rate, most favored nation, weighted mean, manufactured products (%)",TM.TAX.MANF.WM.FN.ZS,4.57
Croatia,HRV,2001,"Tariff rate, most favored nation, weighted mean, manufactured products (%)",TM.TAX.MANF.WM.FN.ZS,11.03
Croatia,HRV,2022,"Binding coverage, all products (%)",TM.TAX.MRCH.BC.ZS,0
Croatia,HRV,2021,"Binding coverage, all products (%)",TM.TAX.MRCH.BC.ZS,99.98
Croatia,HRV,2020,"Binding coverage, all products (%)",TM.TAX.MRCH.BC.ZS,99.98
Croatia,HRV,2019,"Binding coverage, all products (%)",TM.TAX.MRCH.BC.ZS,99.98
Croatia,HRV,2018,"Binding coverage, all products (%)",TM.TAX.MRCH.BC.ZS,99.98
Croatia,HRV,2017,"Binding coverage, all products (%)",TM.TAX.MRCH.BC.ZS,99.98
Croatia,HRV,2016,"Binding coverage, all products (%)",TM.TAX.MRCH.BC.ZS,100
Croatia,HRV,2015,"Binding coverage, all products (%)",TM.TAX.MRCH.BC.ZS,100
Croatia,HRV,2014,"Binding coverage, all products (%)",TM.TAX.MRCH.BC.ZS,100
Croatia,HRV,2013,"Binding coverage, all products (%)",TM.TAX.MRCH.BC.ZS,100
Croatia,HRV,2012,"Binding coverage, all products (%)",TM.TAX.MRCH.BC.ZS,0
Croatia,HRV,2011,"Binding coverage, all products (%)",TM.TAX.MRCH.BC.ZS,0
Croatia,HRV,2010,"Binding coverage, all products (%)",TM.TAX.MRCH.BC.ZS,0
Croatia,HRV,2009,"Binding coverage, all products (%)",TM.TAX.MRCH.BC.ZS,0
Croatia,HRV,2008,"Binding coverage, all products (%)",TM.TAX.MRCH.BC.ZS,0
Croatia,HRV,2007,"Binding coverage, all products (%)",TM.TAX.MRCH.BC.ZS,0
Croatia,HRV,2006,"Binding coverage, all products (%)",TM.TAX.MRCH.BC.ZS,0
Croatia,HRV,2005,"Binding coverage, all products (%)",TM.TAX.MRCH.BC.ZS,0
Croatia,HRV,2004,"Binding coverage, all products (%)",TM.TAX.MRCH.BC.ZS,0
Croatia,HRV,2003,"Binding coverage, all products (%)",TM.TAX.MRCH.BC.ZS,0
Croatia,HRV,2002,"Binding coverage, all products (%)",TM.TAX.MRCH.BC.ZS,0
Croatia,HRV,2001,"Binding coverage, all products (%)",TM.TAX.MRCH.BC.ZS,0
Croatia,HRV,2021,"Bound rate, simple mean, all products (%)",TM.TAX.MRCH.BR.ZS,4.39
Croatia,HRV,2020,"Bound rate, simple mean, all products (%)",TM.TAX.MRCH.BR.ZS,4.39
Croatia,HRV,2019,"Bound rate, simple mean, all products (%)",TM.TAX.MRCH.BR.ZS,4.39
Croatia,HRV,2018,"Bound rate, simple mean, all products (%)",TM.TAX.MRCH.BR.ZS,4.39
Croatia,HRV,2017,"Bound rate, simple mean, all products (%)",TM.TAX.MRCH.BR.ZS,4.39
Croatia,HRV,2016,"Bound rate, simple mean, all products (%)",TM.TAX.MRCH.BR.ZS,4.39
Croatia,HRV,2015,"Bound rate, simple mean, all products (%)",TM.TAX.MRCH.BR.ZS,4.39
Croatia,HRV,2014,"Bound rate, simple mean, all products (%)",TM.TAX.MRCH.BR.ZS,5.9
Croatia,HRV,2013,"Bound rate, simple mean, all products (%)",TM.TAX.MRCH.BR.ZS,5.92
Croatia,HRV,2022,"Tariff rate, applied, simple mean, all products (%)",TM.TAX.MRCH.SM.AR.ZS,1.95
Croatia,HRV,2021,"Tariff rate, applied, simple mean, all products (%)",TM.TAX.MRCH.SM.AR.ZS,2.24
Croatia,HRV,2020,"Tariff rate, applied, simple mean, all products (%)",TM.TAX.MRCH.SM.AR.ZS,1.71
Croatia,HRV,2019,"Tariff rate, applied, simple mean, all products (%)",TM.TAX.MRCH.SM.AR.ZS,2.55
Croatia,HRV,2018,"Tariff rate, applied, simple mean, all products (%)",TM.TAX.MRCH.SM.AR.ZS,2.46
Croatia,HRV,2017,"Tariff rate, applied, simple mean, all products (%)",TM.TAX.MRCH.SM.AR.ZS,2.48
Croatia,HRV,2016,"Tariff rate, applied, simple mean, all products (%)",TM.TAX.MRCH.SM.AR.ZS,2.48
Croatia,HRV,2015,"Tariff rate, applied, simple mean, all products (%)",TM.TAX.MRCH.SM.AR.ZS,2.73
Croatia,HRV,2014,"Tariff rate, applied, simple mean, all products (%)",TM.TAX.MRCH.SM.AR.ZS,2.76
Croatia,HRV,2013,"Tariff rate, applied, simple mean, all products (%)",TM.TAX.MRCH.SM.AR.ZS,2.21
Croatia,HRV,2012,"Tariff rate, applied, simple mean, all products (%)",TM.TAX.MRCH.SM.AR.ZS,2.46
Croatia,HRV,2011,"Tariff rate, applied, simple mean, all products (%)",TM.TAX.MRCH.SM.AR.ZS,2.39
Croatia,HRV,2010,"Tariff rate, applied, simple mean, all products (%)",TM.TAX.MRCH.SM.AR.ZS,2.38
Croatia,HRV,2009,"Tariff rate, applied, simple mean, all products (%)",TM.TAX.MRCH.SM.AR.ZS,2.38
Croatia,HRV,2008,"Tariff rate, applied, simple mean, all products (%)",TM.TAX.MRCH.SM.AR.ZS,2.48
Croatia,HRV,2007,"Tariff rate, applied, simple mean, all products (%)",TM.TAX.MRCH.SM.AR.ZS,2.47
Croatia,HRV,2006,"Tariff rate, applied, simple mean, all products (%)",TM.TAX.MRCH.SM.AR.ZS,2.37
Croatia,HRV,2005,"Tariff rate, applied, simple mean, all products (%)",TM.TAX.MRCH.SM.AR.ZS,2.42
Croatia,HRV,2004,"Tariff rate, applied, simple mean, all products (%)",TM.TAX.MRCH.SM.AR.ZS,2.56
Croatia,HRV,2003,"Tariff rate, applied, simple mean, all products (%)",TM.TAX.MRCH.SM.AR.ZS,4.15
Croatia,HRV,2002,"Tariff rate, applied, simple mean, all products (%)",TM.TAX.MRCH.SM.AR.ZS,6.02
Croatia,HRV,2001,"Tariff rate, applied, simple mean, all products (%)",TM.TAX.MRCH.SM.AR.ZS,7.77
Croatia,HRV,2022,"Tariff rate, most favored nation, simple mean, all products (%)",TM.TAX.MRCH.SM.FN.ZS,5.24
Croatia,HRV,2021,"Tariff rate, most favored nation, simple mean, all products (%)",TM.TAX.MRCH.SM.FN.ZS,5.63
Croatia,HRV,2020,"Tariff rate, most favored nation, simple mean, all products (%)",TM.TAX.MRCH.SM.FN.ZS,4.32
Croatia,HRV,2019,"Tariff rate, most favored nation, simple mean, all products (%)",TM.TAX.MRCH.SM.FN.ZS,6.16
Croatia,HRV,2018,"Tariff rate, most favored nation, simple mean, all products (%)",TM.TAX.MRCH.SM.FN.ZS,5.6
Croatia,HRV,2017,"Tariff rate, most favored nation, simple mean, all products (%)",TM.TAX.MRCH.SM.FN.ZS,5.62
Croatia,HRV,2016,"Tariff rate, most favored nation, simple mean, all products (%)",TM.TAX.MRCH.SM.FN.ZS,5.69
Croatia,HRV,2015,"Tariff rate, most favored nation, simple mean, all products (%)",TM.TAX.MRCH.SM.FN.ZS,5.72
Croatia,HRV,2014,"Tariff rate, most favored nation, simple mean, all products (%)",TM.TAX.MRCH.SM.FN.ZS,5.71
Croatia,HRV,2013,"Tariff rate, most favored nation, simple mean, all products (%)",TM.TAX.MRCH.SM.FN.ZS,5.71
Croatia,HRV,2012,"Tariff rate, most favored nation, simple mean, all products (%)",TM.TAX.MRCH.SM.FN.ZS,4.75
Croatia,HRV,2011,"Tariff rate, most favored nation, simple mean, all products (%)",TM.TAX.MRCH.SM.FN.ZS,4.61
Croatia,HRV,2010,"Tariff rate, most favored nation, simple mean, all products (%)",TM.TAX.MRCH.SM.FN.ZS,4.61
Croatia,HRV,2009,"Tariff rate, most favored nation, simple mean, all products (%)",TM.TAX.MRCH.SM.FN.ZS,4.63
Croatia,HRV,2008,"Tariff rate, most favored nation, simple mean, all products (%)",TM.TAX.MRCH.SM.FN.ZS,4.57
Croatia,HRV,2007,"Tariff rate, most favored nation, simple mean, all products (%)",TM.TAX.MRCH.SM.FN.ZS,4.58
Croatia,HRV,2006,"Tariff rate, most favored nation, simple mean, all products (%)",TM.TAX.MRCH.SM.FN.ZS,4.52
Croatia,HRV,2005,"Tariff rate, most favored nation, simple mean, all products (%)",TM.TAX.MRCH.SM.FN.ZS,4.48
Croatia,HRV,2004,"Tariff rate, most favored nation, simple mean, all products (%)",TM.TAX.MRCH.SM.FN.ZS,4.65
Croatia,HRV,2003,"Tariff rate, most favored nation, simple mean, all products (%)",TM.TAX.MRCH.SM.FN.ZS,4.81
Croatia,HRV,2002,"Tariff rate, most favored nation, simple mean, all products (%)",TM.TAX.MRCH.SM.FN.ZS,5.07
Croatia,HRV,2001,"Tariff rate, most favored nation, simple mean, all products (%)",TM.TAX.MRCH.SM.FN.ZS,10.57
Croatia,HRV,2022,"Tariff rate, applied, weighted mean, all products (%)",TM.TAX.MRCH.WM.AR.ZS,1.33
Croatia,HRV,2021,"Tariff rate, applied, weighted mean, all products (%)",TM.TAX.MRCH.WM.AR.ZS,1.39
Croatia,HRV,2020,"Tariff rate, applied, weighted mean, all products (%)",TM.TAX.MRCH.WM.AR.ZS,1.48
Croatia,HRV,2019,"Tariff rate, applied, weighted mean, all products (%)",TM.TAX.MRCH.WM.AR.ZS,1.84
Croatia,HRV,2018,"Tariff rate, applied, weighted mean, all products (%)",TM.TAX.MRCH.WM.AR.ZS,1.83
Croatia,HRV,2017,"Tariff rate, applied, weighted mean, all products (%)",TM.TAX.MRCH.WM.AR.ZS,1.96
Croatia,HRV,2016,"Tariff rate, applied, weighted mean, all products (%)",TM.TAX.MRCH.WM.AR.ZS,2.09
Croatia,HRV,2015,"Tariff rate, applied, weighted mean, all products (%)",TM.TAX.MRCH.WM.AR.ZS,2.02
Croatia,HRV,2014,"Tariff rate, applied, weighted mean, all products (%)",TM.TAX.MRCH.WM.AR.ZS,2.03
Croatia,HRV,2013,"Tariff rate, applied, weighted mean, all products (%)",TM.TAX.MRCH.WM.AR.ZS,1.49
Croatia,HRV,2012,"Tariff rate, applied, weighted mean, all products (%)",TM.TAX.MRCH.WM.AR.ZS,1.44
Croatia,HRV,2011,"Tariff rate, applied, weighted mean, all products (%)",TM.TAX.MRCH.WM.AR.ZS,1.34
Croatia,HRV,2010,"Tariff rate, applied, weighted mean, all products (%)",TM.TAX.MRCH.WM.AR.ZS,1.34
Croatia,HRV,2009,"Tariff rate, applied, weighted mean, all products (%)",TM.TAX.MRCH.WM.AR.ZS,1.31
Croatia,HRV,2008,"Tariff rate, applied, weighted mean, all products (%)",TM.TAX.MRCH.WM.AR.ZS,1.12
Croatia,HRV,2007,"Tariff rate, applied, weighted mean, all products (%)",TM.TAX.MRCH.WM.AR.ZS,1.13
Croatia,HRV,2006,"Tariff rate, applied, weighted mean, all products (%)",TM.TAX.MRCH.WM.AR.ZS,1.11
Croatia,HRV,2005,"Tariff rate, applied, weighted mean, all products (%)",TM.TAX.MRCH.WM.AR.ZS,1.16
Croatia,HRV,2004,"Tariff rate, applied, weighted mean, all products (%)",TM.TAX.MRCH.WM.AR.ZS,1.27
Croatia,HRV,2003,"Tariff rate, applied, weighted mean, all products (%)",TM.TAX.MRCH.WM.AR.ZS,2.55
Croatia,HRV,2002,"Tariff rate, applied, weighted mean, all products (%)",TM.TAX.MRCH.WM.AR.ZS,4.76
Croatia,HRV,2001,"Tariff rate, applied, weighted mean, all products (%)",TM.TAX.MRCH.WM.AR.ZS,4.51
Croatia,HRV,2022,"Tariff rate, most favored nation, weighted mean, all products (%)",TM.TAX.MRCH.WM.FN.ZS,2.68
Croatia,HRV,2021,"Tariff rate, most favored nation, weighted mean, all products (%)",TM.TAX.MRCH.WM.FN.ZS,2.85
Croatia,HRV,2020,"Tariff rate, most favored nation, weighted mean, all products (%)",TM.TAX.MRCH.WM.FN.ZS,2.8
Croatia,HRV,2019,"Tariff rate, most favored nation, weighted mean, all products (%)",TM.TAX.MRCH.WM.FN.ZS,3.08
Croatia,HRV,2018,"Tariff rate, most favored nation, weighted mean, all products (%)",TM.TAX.MRCH.WM.FN.ZS,3.11
Croatia,HRV,2017,"Tariff rate, most favored nation, weighted mean, all products (%)",TM.TAX.MRCH.WM.FN.ZS,3.27
Croatia,HRV,2016,"Tariff rate, most favored nation, weighted mean, all products (%)",TM.TAX.MRCH.WM.FN.ZS,3.29
Croatia,HRV,2015,"Tariff rate, most favored nation, weighted mean, all products (%)",TM.TAX.MRCH.WM.FN.ZS,3.09
Croatia,HRV,2014,"Tariff rate, most favored nation, weighted mean, all products (%)",TM.TAX.MRCH.WM.FN.ZS,3.07
Croatia,HRV,2013,"Tariff rate, most favored nation, weighted mean, all products (%)",TM.TAX.MRCH.WM.FN.ZS,2.95
Croatia,HRV,2012,"Tariff rate, most favored nation, weighted mean, all products (%)",TM.TAX.MRCH.WM.FN.ZS,4.38
Croatia,HRV,2011,"Tariff rate, most favored nation, weighted mean, all products (%)",TM.TAX.MRCH.WM.FN.ZS,4.37
Croatia,HRV,2010,"Tariff rate, most favored nation, weighted mean, all products (%)",TM.TAX.MRCH.WM.FN.ZS,4.17
Croatia,HRV,2009,"Tariff rate, most favored nation, weighted mean, all products (%)",TM.TAX.MRCH.WM.FN.ZS,4.27
Croatia,HRV,2008,"Tariff rate, most favored nation, weighted mean, all products (%)",TM.TAX.MRCH.WM.FN.ZS,4.03
Croatia,HRV,2007,"Tariff rate, most favored nation, weighted mean, all products (%)",TM.TAX.MRCH.WM.FN.ZS,4.06
Croatia,HRV,2006,"Tariff rate, most favored nation, weighted mean, all products (%)",TM.TAX.MRCH.WM.FN.ZS,4.08
Croatia,HRV,2005,"Tariff rate, most favored nation, weighted mean, all products (%)",TM.TAX.MRCH.WM.FN.ZS,3.95
Croatia,HRV,2004,"Tariff rate, most favored nation, weighted mean, all products (%)",TM.TAX.MRCH.WM.FN.ZS,4.25
Croatia,HRV,2003,"Tariff rate, most favored nation, weighted mean, all products (%)",TM.TAX.MRCH.WM.FN.ZS,4.5
Croatia,HRV,2002,"Tariff rate, most favored nation, weighted mean, all products (%)",TM.TAX.MRCH.WM.FN.ZS,4.76
Croatia,HRV,2001,"Tariff rate, most favored nation, weighted mean, all products (%)",TM.TAX.MRCH.WM.FN.ZS,10.05
Croatia,HRV,2022,"Binding coverage, primary products (%)",TM.TAX.TCOM.BC.ZS,0
Croatia,HRV,2021,"Binding coverage, primary products (%)",TM.TAX.TCOM.BC.ZS,99.92
Croatia,HRV,2020,"Binding coverage, primary products (%)",TM.TAX.TCOM.BC.ZS,99.92
Croatia,HRV,2019,"Binding coverage, primary products (%)",TM.TAX.TCOM.BC.ZS,99.92
Croatia,HRV,2018,"Binding coverage, primary products (%)",TM.TAX.TCOM.BC.ZS,99.92
Croatia,HRV,2017,"Binding coverage, primary products (%)",TM.TAX.TCOM.BC.ZS,99.92
Croatia,HRV,2016,"Binding coverage, primary products (%)",TM.TAX.TCOM.BC.ZS,100
Croatia,HRV,2015,"Binding coverage, primary products (%)",TM.TAX.TCOM.BC.ZS,100
Croatia,HRV,2014,"Binding coverage, primary products (%)",TM.TAX.TCOM.BC.ZS,100
Croatia,HRV,2013,"Binding coverage, primary products (%)",TM.TAX.TCOM.BC.ZS,100
Croatia,HRV,2012,"Binding coverage, primary products (%)",TM.TAX.TCOM.BC.ZS,0
Croatia,HRV,2011,"Binding coverage, primary products (%)",TM.TAX.TCOM.BC.ZS,0
Croatia,HRV,2010,"Binding coverage, primary products (%)",TM.TAX.TCOM.BC.ZS,0
Croatia,HRV,2009,"Binding coverage, primary products (%)",TM.TAX.TCOM.BC.ZS,0
Croatia,HRV,2008,"Binding coverage, primary products (%)",TM.TAX.TCOM.BC.ZS,0
Croatia,HRV,2007,"Binding coverage, primary products (%)",TM.TAX.TCOM.BC.ZS,0
Croatia,HRV,2006,"Binding coverage, primary products (%)",TM.TAX.TCOM.BC.ZS,0
Croatia,HRV,2005,"Binding coverage, primary products (%)",TM.TAX.TCOM.BC.ZS,0
Croatia,HRV,2004,"Binding coverage, primary products (%)",TM.TAX.TCOM.BC.ZS,0
Croatia,HRV,2003,"Binding coverage, primary products (%)",TM.TAX.TCOM.BC.ZS,0
Croatia,HRV,2002,"Binding coverage, primary products (%)",TM.TAX.TCOM.BC.ZS,0
Croatia,HRV,2001,"Binding coverage, primary products (%)",TM.TAX.TCOM.BC.ZS,0
Croatia,HRV,2021,"Bound rate, simple mean, primary products (%)",TM.TAX.TCOM.BR.ZS,5.75
Croatia,HRV,2020,"Bound rate, simple mean, primary products (%)",TM.TAX.TCOM.BR.ZS,5.75
Croatia,HRV,2019,"Bound rate, simple mean, primary products (%)",TM.TAX.TCOM.BR.ZS,5.75
Croatia,HRV,2018,"Bound rate, simple mean, primary products (%)",TM.TAX.TCOM.BR.ZS,5.75
Croatia,HRV,2017,"Bound rate, simple mean, primary products (%)",TM.TAX.TCOM.BR.ZS,5.75
Croatia,HRV,2016,"Bound rate, simple mean, primary products (%)",TM.TAX.TCOM.BR.ZS,5.76
Croatia,HRV,2015,"Bound rate, simple mean, primary products (%)",TM.TAX.TCOM.BR.ZS,5.76
Croatia,HRV,2014,"Bound rate, simple mean, primary products (%)",TM.TAX.TCOM.BR.ZS,11.06
Croatia,HRV,2013,"Bound rate, simple mean, primary products (%)",TM.TAX.TCOM.BR.ZS,11.14
Croatia,HRV,2022,"Tariff rate, applied, simple mean, primary products (%)",TM.TAX.TCOM.SM.AR.ZS,4.06
Croatia,HRV,2021,"Tariff rate, applied, simple mean, primary products (%)",TM.TAX.TCOM.SM.AR.ZS,4.81
Croatia,HRV,2020,"Tariff rate, applied, simple mean, primary products (%)",TM.TAX.TCOM.SM.AR.ZS,2.21
Croatia,HRV,2019,"Tariff rate, applied, simple mean, primary products (%)",TM.TAX.TCOM.SM.AR.ZS,5.87
Croatia,HRV,2018,"Tariff rate, applied, simple mean, primary products (%)",TM.TAX.TCOM.SM.AR.ZS,5.24
Croatia,HRV,2017,"Tariff rate, applied, simple mean, primary products (%)",TM.TAX.TCOM.SM.AR.ZS,5.16
Croatia,HRV,2016,"Tariff rate, applied, simple mean, primary products (%)",TM.TAX.TCOM.SM.AR.ZS,5.32
Croatia,HRV,2015,"Tariff rate, applied, simple mean, primary products (%)",TM.TAX.TCOM.SM.AR.ZS,5.69
Croatia,HRV,2014,"Tariff rate, applied, simple mean, primary products (%)",TM.TAX.TCOM.SM.AR.ZS,5.72
Croatia,HRV,2013,"Tariff rate, applied, simple mean, primary products (%)",TM.TAX.TCOM.SM.AR.ZS,5.38
Croatia,HRV,2012,"Tariff rate, applied, simple mean, primary products (%)",TM.TAX.TCOM.SM.AR.ZS,4.59
Croatia,HRV,2011,"Tariff rate, applied, simple mean, primary products (%)",TM.TAX.TCOM.SM.AR.ZS,4.75
Croatia,HRV,2010,"Tariff rate, applied, simple mean, primary products (%)",TM.TAX.TCOM.SM.AR.ZS,4.86
Croatia,HRV,2009,"Tariff rate, applied, simple mean, primary products (%)",TM.TAX.TCOM.SM.AR.ZS,4.87
Croatia,HRV,2008,"Tariff rate, applied, simple mean, primary products (%)",TM.TAX.TCOM.SM.AR.ZS,4.5
Croatia,HRV,2007,"Tariff rate, applied, simple mean, primary products (%)",TM.TAX.TCOM.SM.AR.ZS,4.43
Croatia,HRV,2006,"Tariff rate, applied, simple mean, primary products (%)",TM.TAX.TCOM.SM.AR.ZS,4.72
Croatia,HRV,2005,"Tariff rate, applied, simple mean, primary products (%)",TM.TAX.TCOM.SM.AR.ZS,4.88
Croatia,HRV,2004,"Tariff rate, applied, simple mean, primary products (%)",TM.TAX.TCOM.SM.AR.ZS,5.35
Croatia,HRV,2003,"Tariff rate, applied, simple mean, primary products (%)",TM.TAX.TCOM.SM.AR.ZS,6.73
Croatia,HRV,2002,"Tariff rate, applied, simple mean, primary products (%)",TM.TAX.TCOM.SM.AR.ZS,8.76
Croatia,HRV,2001,"Tariff rate, applied, simple mean, primary products (%)",TM.TAX.TCOM.SM.AR.ZS,7.46
Croatia,HRV,2022,"Tariff rate, most favored nation, simple mean, primary products (%)",TM.TAX.TCOM.SM.FN.ZS,8.99
Croatia,HRV,2021,"Tariff rate, most favored nation, simple mean, primary products (%)",TM.TAX.TCOM.SM.FN.ZS,10.21
Croatia,HRV,2020,"Tariff rate, most favored nation, simple mean, primary products (%)",TM.TAX.TCOM.SM.FN.ZS,5.58
Croatia,HRV,2019,"Tariff rate, most favored nation, simple mean, primary products (%)",TM.TAX.TCOM.SM.FN.ZS,12.26
Croatia,HRV,2018,"Tariff rate, most favored nation, simple mean, primary products (%)",TM.TAX.TCOM.SM.FN.ZS,9.99
Croatia,HRV,2017,"Tariff rate, most favored nation, simple mean, primary products (%)",TM.TAX.TCOM.SM.FN.ZS,10.03
Croatia,HRV,2016,"Tariff rate, most favored nation, simple mean, primary products (%)",TM.TAX.TCOM.SM.FN.ZS,10.31
Croatia,HRV,2015,"Tariff rate, most favored nation, simple mean, primary products (%)",TM.TAX.TCOM.SM.FN.ZS,10.28
Croatia,HRV,2014,"Tariff rate, most favored nation, simple mean, primary products (%)",TM.TAX.TCOM.SM.FN.ZS,10.26
Croatia,HRV,2013,"Tariff rate, most favored nation, simple mean, primary products (%)",TM.TAX.TCOM.SM.FN.ZS,10.24
Croatia,HRV,2012,"Tariff rate, most favored nation, simple mean, primary products (%)",TM.TAX.TCOM.SM.FN.ZS,6.55
Croatia,HRV,2011,"Tariff rate, most favored nation, simple mean, primary products (%)",TM.TAX.TCOM.SM.FN.ZS,6.2
Croatia,HRV,2010,"Tariff rate, most favored nation, simple mean, primary products (%)",TM.TAX.TCOM.SM.FN.ZS,6.22
Croatia,HRV,2009,"Tariff rate, most favored nation, simple mean, primary products (%)",TM.TAX.TCOM.SM.FN.ZS,6.26
Croatia,HRV,2008,"Tariff rate, most favored nation, simple mean, primary products (%)",TM.TAX.TCOM.SM.FN.ZS,6.02
Croatia,HRV,2007,"Tariff rate, most favored nation, simple mean, primary products (%)",TM.TAX.TCOM.SM.FN.ZS,6.03
Croatia,HRV,2006,"Tariff rate, most favored nation, simple mean, primary products (%)",TM.TAX.TCOM.SM.FN.ZS,5.95
Croatia,HRV,2005,"Tariff rate, most favored nation, simple mean, primary products (%)",TM.TAX.TCOM.SM.FN.ZS,5.98
Croatia,HRV,2004,"Tariff rate, most favored nation, simple mean, primary products (%)",TM.TAX.TCOM.SM.FN.ZS,6.38
Croatia,HRV,2003,"Tariff rate, most favored nation, simple mean, primary products (%)",TM.TAX.TCOM.SM.FN.ZS,6.7
Croatia,HRV,2002,"Tariff rate, most favored nation, simple mean, primary products (%)",TM.TAX.TCOM.SM.FN.ZS,7.25
Croatia,HRV,2001,"Tariff rate, most favored nation, simple mean, primary products (%)",TM.TAX.TCOM.SM.FN.ZS,11.27
Croatia,HRV,2022,"Tariff rate, applied, weighted mean, primary products (%)",TM.TAX.TCOM.WM.AR.ZS,0.84
Croatia,HRV,2021,"Tariff rate, applied, weighted mean, primary products (%)",TM.TAX.TCOM.WM.AR.ZS,1.34
Croatia,HRV,2020,"Tariff rate, applied, weighted mean, primary products (%)",TM.TAX.TCOM.WM.AR.ZS,0.83
Croatia,HRV,2019,"Tariff rate, applied, weighted mean, primary products (%)",TM.TAX.TCOM.WM.AR.ZS,1.64
Croatia,HRV,2018,"Tariff rate, applied, weighted mean, primary products (%)",TM.TAX.TCOM.WM.AR.ZS,1.59
Croatia,HRV,2017,"Tariff rate, applied, weighted mean, primary products (%)",TM.TAX.TCOM.WM.AR.ZS,1.84
Croatia,HRV,2016,"Tariff rate, applied, weighted mean, primary products (%)",TM.TAX.TCOM.WM.AR.ZS,2.1
Croatia,HRV,2015,"Tariff rate, applied, weighted mean, primary products (%)",TM.TAX.TCOM.WM.AR.ZS,1.69
Croatia,HRV,2014,"Tariff rate, applied, weighted mean, primary products (%)",TM.TAX.TCOM.WM.AR.ZS,1.69
Croatia,HRV,2013,"Tariff rate, applied, weighted mean, primary products (%)",TM.TAX.TCOM.WM.AR.ZS,1.33
Croatia,HRV,2012,"Tariff rate, applied, weighted mean, primary products (%)",TM.TAX.TCOM.WM.AR.ZS,2.03
Croatia,HRV,2011,"Tariff rate, applied, weighted mean, primary products (%)",TM.TAX.TCOM.WM.AR.ZS,1.88
Croatia,HRV,2010,"Tariff rate, applied, weighted mean, primary products (%)",TM.TAX.TCOM.WM.AR.ZS,2.1
Croatia,HRV,2009,"Tariff rate, applied, weighted mean, primary products (%)",TM.TAX.TCOM.WM.AR.ZS,2.28
Croatia,HRV,2008,"Tariff rate, applied, weighted mean, primary products (%)",TM.TAX.TCOM.WM.AR.ZS,1.78
Croatia,HRV,2007,"Tariff rate, applied, weighted mean, primary products (%)",TM.TAX.TCOM.WM.AR.ZS,2.02
Croatia,HRV,2006,"Tariff rate, applied, weighted mean, primary products (%)",TM.TAX.TCOM.WM.AR.ZS,2.05
Croatia,HRV,2005,"Tariff rate, applied, weighted mean, primary products (%)",TM.TAX.TCOM.WM.AR.ZS,2.27
Croatia,HRV,2004,"Tariff rate, applied, weighted mean, primary products (%)",TM.TAX.TCOM.WM.AR.ZS,3.06
Croatia,HRV,2003,"Tariff rate, applied, weighted mean, primary products (%)",TM.TAX.TCOM.WM.AR.ZS,4.53
Croatia,HRV,2002,"Tariff rate, applied, weighted mean, primary products (%)",TM.TAX.TCOM.WM.AR.ZS,5.37
Croatia,HRV,2001,"Tariff rate, applied, weighted mean, primary products (%)",TM.TAX.TCOM.WM.AR.ZS,3.98
Croatia,HRV,2022,"Tariff rate, most favored nation, weighted mean, primary products (%)",TM.TAX.TCOM.WM.FN.ZS,1.87
Croatia,HRV,2021,"Tariff rate, most favored nation, weighted mean, primary products (%)",TM.TAX.TCOM.WM.FN.ZS,2.84
Croatia,HRV,2020,"Tariff rate, most favored nation, weighted mean, primary products (%)",TM.TAX.TCOM.WM.FN.ZS,2.18
Croatia,HRV,2019,"Tariff rate, most favored nation, weighted mean, primary products (%)",TM.TAX.TCOM.WM.FN.ZS,2.72
Croatia,HRV,2018,"Tariff rate, most favored nation, weighted mean, primary products (%)",TM.TAX.TCOM.WM.FN.ZS,2.62
Croatia,HRV,2017,"Tariff rate, most favored nation, weighted mean, primary products (%)",TM.TAX.TCOM.WM.FN.ZS,3.05
Croatia,HRV,2016,"Tariff rate, most favored nation, weighted mean, primary products (%)",TM.TAX.TCOM.WM.FN.ZS,3.21
Croatia,HRV,2015,"Tariff rate, most favored nation, weighted mean, primary products (%)",TM.TAX.TCOM.WM.FN.ZS,2.61
Croatia,HRV,2014,"Tariff rate, most favored nation, weighted mean, primary products (%)",TM.TAX.TCOM.WM.FN.ZS,2.58
Croatia,HRV,2013,"Tariff rate, most favored nation, weighted mean, primary products (%)",TM.TAX.TCOM.WM.FN.ZS,2.4
Croatia,HRV,2012,"Tariff rate, most favored nation, weighted mean, primary products (%)",TM.TAX.TCOM.WM.FN.ZS,5.01
Croatia,HRV,2011,"Tariff rate, most favored nation, weighted mean, primary products (%)",TM.TAX.TCOM.WM.FN.ZS,5.03
Croatia,HRV,2010,"Tariff rate, most favored nation, weighted mean, primary products (%)",TM.TAX.TCOM.WM.FN.ZS,4.78
Croatia,HRV,2009,"Tariff rate, most favored nation, weighted mean, primary products (%)",TM.TAX.TCOM.WM.FN.ZS,4.68
Croatia,HRV,2008,"Tariff rate, most favored nation, weighted mean, primary products (%)",TM.TAX.TCOM.WM.FN.ZS,4.27
Croatia,HRV,2007,"Tariff rate, most favored nation, weighted mean, primary products (%)",TM.TAX.TCOM.WM.FN.ZS,4.08
Croatia,HRV,2006,"Tariff rate, most favored nation, weighted mean, primary products (%)",TM.TAX.TCOM.WM.FN.ZS,4.16
Croatia,HRV,2005,"Tariff rate, most favored nation, weighted mean, primary products (%)",TM.TAX.TCOM.WM.FN.ZS,4.15
Croatia,HRV,2004,"Tariff rate, most favored nation, weighted mean, primary products (%)",TM.TAX.TCOM.WM.FN.ZS,4.83
Croatia,HRV,2003,"Tariff rate, most favored nation, weighted mean, primary products (%)",TM.TAX.TCOM.WM.FN.ZS,5.47
Croatia,HRV,2002,"Tariff rate, most favored nation, weighted mean, primary products (%)",TM.TAX.TCOM.WM.FN.ZS,5.37
Croatia,HRV,2001,"Tariff rate, most favored nation, weighted mean, primary products (%)",TM.TAX.TCOM.WM.FN.ZS,7.22
Croatia,HRV,2023,Import unit value index (2015 = 100),TM.UVI.MRCH.XD.WD,154.6
Croatia,HRV,2022,Import unit value index (2015 = 100),TM.UVI.MRCH.XD.WD,161.7
Croatia,HRV,2021,Import unit value index (2015 = 100),TM.UVI.MRCH.XD.WD,134.6
Croatia,HRV,2020,Import unit value index (2015 = 100),TM.UVI.MRCH.XD.WD,112.4
Croatia,HRV,2019,Import unit value index (2015 = 100),TM.UVI.MRCH.XD.WD,112.5
Croatia,HRV,2018,Import unit value index (2015 = 100),TM.UVI.MRCH.XD.WD,116.6
Croatia,HRV,2017,Import unit value index (2015 = 100),TM.UVI.MRCH.XD.WD,106.5
Croatia,HRV,2016,Import unit value index (2015 = 100),TM.UVI.MRCH.XD.WD,98.7
Croatia,HRV,2015,Import unit value index (2015 = 100),TM.UVI.MRCH.XD.WD,100
Croatia,HRV,2014,Import unit value index (2015 = 100),TM.UVI.MRCH.XD.WD,122.9
Croatia,HRV,2013,Import unit value index (2015 = 100),TM.UVI.MRCH.XD.WD,125.1
Croatia,HRV,2012,Import unit value index (2015 = 100),TM.UVI.MRCH.XD.WD,124.1
Croatia,HRV,2011,Import unit value index (2015 = 100),TM.UVI.MRCH.XD.WD,129
Croatia,HRV,2010,Import unit value index (2015 = 100),TM.UVI.MRCH.XD.WD,112.8
Croatia,HRV,2009,Import unit value index (2015 = 100),TM.UVI.MRCH.XD.WD,113
Croatia,HRV,2008,Import unit value index (2015 = 100),TM.UVI.MRCH.XD.WD,129.7
Croatia,HRV,2007,Import unit value index (2015 = 100),TM.UVI.MRCH.XD.WD,111.4
Croatia,HRV,2006,Import unit value index (2015 = 100),TM.UVI.MRCH.XD.WD,98.5
Croatia,HRV,2005,Import unit value index (2015 = 100),TM.UVI.MRCH.XD.WD,92.1
Croatia,HRV,2004,Import unit value index (2015 = 100),TM.UVI.MRCH.XD.WD,86.6
Croatia,HRV,2003,Import unit value index (2015 = 100),TM.UVI.MRCH.XD.WD,76.9
Croatia,HRV,2002,Import unit value index (2015 = 100),TM.UVI.MRCH.XD.WD,72.2
Croatia,HRV,2001,Import unit value index (2015 = 100),TM.UVI.MRCH.XD.WD,72.7
Croatia,HRV,2000,Import unit value index (2015 = 100),TM.UVI.MRCH.XD.WD,74.7
Croatia,HRV,2024,Agricultural raw materials imports (% of merchandise imports),TM.VAL.AGRI.ZS.UN,0.911704033517716
Croatia,HRV,2023,Agricultural raw materials imports (% of merchandise imports),TM.VAL.AGRI.ZS.UN,0.959702346699265
Croatia,HRV,2022,Agricultural raw materials imports (% of merchandise imports),TM.VAL.AGRI.ZS.UN,1.00374092355873
Croatia,HRV,2021,Agricultural raw materials imports (% of merchandise imports),TM.VAL.AGRI.ZS.UN,1.17476622424227
Croatia,HRV,2020,Agricultural raw materials imports (% of merchandise imports),TM.VAL.AGRI.ZS.UN,1.12283900748754
Croatia,HRV,2019,Agricultural raw materials imports (% of merchandise imports),TM.VAL.AGRI.ZS.UN,1.18427581489023
Croatia,HRV,2018,Agricultural raw materials imports (% of merchandise imports),TM.VAL.AGRI.ZS.UN,1.22440126559719
Croatia,HRV,2017,Agricultural raw materials imports (% of merchandise imports),TM.VAL.AGRI.ZS.UN,1.20830822674547
Croatia,HRV,2016,Agricultural raw materials imports (% of merchandise imports),TM.VAL.AGRI.ZS.UN,1.24262612874776
Croatia,HRV,2015,Agricultural raw materials imports (% of merchandise imports),TM.VAL.AGRI.ZS.UN,1.21930418861013
Croatia,HRV,2014,Agricultural raw materials imports (% of merchandise imports),TM.VAL.AGRI.ZS.UN,1.14500534736225
Croatia,HRV,2013,Agricultural raw materials imports (% of merchandise imports),TM.VAL.AGRI.ZS.UN,0.953820144637356
Croatia,HRV,2012,Agricultural raw materials imports (% of merchandise imports),TM.VAL.AGRI.ZS.UN,0.962032522154445
Croatia,HRV,2011,Agricultural raw materials imports (% of merchandise imports),TM.VAL.AGRI.ZS.UN,1.1302964987219
Croatia,HRV,2010,Agricultural raw materials imports (% of merchandise imports),TM.VAL.AGRI.ZS.UN,1.11645699972203
Croatia,HRV,2009,Agricultural raw materials imports (% of merchandise imports),TM.VAL.AGRI.ZS.UN,1.06685310258306
Croatia,HRV,2008,Agricultural raw materials imports (% of merchandise imports),TM.VAL.AGRI.ZS.UN,0.987869548023361
Croatia,HRV,2007,Agricultural raw materials imports (% of merchandise imports),TM.VAL.AGRI.ZS.UN,1.11041196626668
Croatia,HRV,2006,Agricultural raw materials imports (% of merchandise imports),TM.VAL.AGRI.ZS.UN,1.1533845391281
Croatia,HRV,2005,Agricultural raw materials imports (% of merchandise imports),TM.VAL.AGRI.ZS.UN,1.30292594271888
Croatia,HRV,2004,Agricultural raw materials imports (% of merchandise imports),TM.VAL.AGRI.ZS.UN,1.42092354721745
Croatia,HRV,2003,Agricultural raw materials imports (% of merchandise imports),TM.VAL.AGRI.ZS.UN,1.51709584723152
Croatia,HRV,2002,Agricultural raw materials imports (% of merchandise imports),TM.VAL.AGRI.ZS.UN,1.5814053101961
Croatia,HRV,2001,Agricultural raw materials imports (% of merchandise imports),TM.VAL.AGRI.ZS.UN,1.5406724081505
Croatia,HRV,2000,Agricultural raw materials imports (% of merchandise imports),TM.VAL.AGRI.ZS.UN,1.57363241203812
Croatia,HRV,1999,Agricultural raw materials imports (% of merchandise imports),TM.VAL.AGRI.ZS.UN,1.3863597506801
Croatia,HRV,1998,Agricultural raw materials imports (% of merchandise imports),TM.VAL.AGRI.ZS.UN,1.5069679556486
Croatia,HRV,1997,Agricultural raw materials imports (% of merchandise imports),TM.VAL.AGRI.ZS.UN,1.8135601160411
Croatia,HRV,1996,Agricultural raw materials imports (% of merchandise imports),TM.VAL.AGRI.ZS.UN,1.84489757823214
Croatia,HRV,1995,Agricultural raw materials imports (% of merchandise imports),TM.VAL.AGRI.ZS.UN,1.75223847300956
Croatia,HRV,1994,Agricultural raw materials imports (% of merchandise imports),TM.VAL.AGRI.ZS.UN,1.79451154792373
Croatia,HRV,1993,Agricultural raw materials imports (% of merchandise imports),TM.VAL.AGRI.ZS.UN,1.99708386592987
Croatia,HRV,1992,Agricultural raw materials imports (% of merchandise imports),TM.VAL.AGRI.ZS.UN,3.64927843283599
Croatia,HRV,2024,Food imports (% of merchandise imports),TM.VAL.FOOD.ZS.UN,14.3214509997313
Croatia,HRV,2023,Food imports (% of merchandise imports),TM.VAL.FOOD.ZS.UN,13.9255559042201
Croatia,HRV,2022,Food imports (% of merchandise imports),TM.VAL.FOOD.ZS.UN,11.4485939722102
Croatia,HRV,2021,Food imports (% of merchandise imports),TM.VAL.FOOD.ZS.UN,12.8274787632237
Croatia,HRV,2020,Food imports (% of merchandise imports),TM.VAL.FOOD.ZS.UN,13.5797312085611
Croatia,HRV,2019,Food imports (% of merchandise imports),TM.VAL.FOOD.ZS.UN,13.2745684888342
Croatia,HRV,2018,Food imports (% of merchandise imports),TM.VAL.FOOD.ZS.UN,12.3816822401309
Croatia,HRV,2017,Food imports (% of merchandise imports),TM.VAL.FOOD.ZS.UN,12.9822559599019
Croatia,HRV,2016,Food imports (% of merchandise imports),TM.VAL.FOOD.ZS.UN,12.9023576176109
Croatia,HRV,2015,Food imports (% of merchandise imports),TM.VAL.FOOD.ZS.UN,13.1991630754547
Croatia,HRV,2014,Food imports (% of merchandise imports),TM.VAL.FOOD.ZS.UN,12.9710604760723
Croatia,HRV,2013,Food imports (% of merchandise imports),TM.VAL.FOOD.ZS.UN,12.3046794669215
Croatia,HRV,2012,Food imports (% of merchandise imports),TM.VAL.FOOD.ZS.UN,11.7695698634915
Croatia,HRV,2011,Food imports (% of merchandise imports),TM.VAL.FOOD.ZS.UN,10.943771304078
Croatia,HRV,2010,Food imports (% of merchandise imports),TM.VAL.FOOD.ZS.UN,10.3794096133657
Croatia,HRV,2009,Food imports (% of merchandise imports),TM.VAL.FOOD.ZS.UN,10.1286110146861
Croatia,HRV,2008,Food imports (% of merchandise imports),TM.VAL.FOOD.ZS.UN,8.19036048194588
Croatia,HRV,2007,Food imports (% of merchandise imports),TM.VAL.FOOD.ZS.UN,7.95833359237055
Croatia,HRV,2006,Food imports (% of merchandise imports),TM.VAL.FOOD.ZS.UN,8.25555724053013
Croatia,HRV,2005,Food imports (% of merchandise imports),TM.VAL.FOOD.ZS.UN,8.313900392655
Croatia,HRV,2004,Food imports (% of merchandise imports),TM.VAL.FOOD.ZS.UN,8.36717766970066
Croatia,HRV,2003,Food imports (% of merchandise imports),TM.VAL.FOOD.ZS.UN,8.43596208961588
Croatia,HRV,2002,Food imports (% of merchandise imports),TM.VAL.FOOD.ZS.UN,8.90901764248842
Croatia,HRV,2001,Food imports (% of merchandise imports),TM.VAL.FOOD.ZS.UN,8.82356707513751
Croatia,HRV,2000,Food imports (% of merchandise imports),TM.VAL.FOOD.ZS.UN,8.27796912782028
Croatia,HRV,1999,Food imports (% of merchandise imports),TM.VAL.FOOD.ZS.UN,8.46024716436848
Croatia,HRV,1998,Food imports (% of merchandise imports),TM.VAL.FOOD.ZS.UN,9.68779293534315
Croatia,HRV,1997,Food imports (% of merchandise imports),TM.VAL.FOOD.ZS.UN,10.4472929018381
Croatia,HRV,1996,Food imports (% of merchandise imports),TM.VAL.FOOD.ZS.UN,11.2533151714454
Croatia,HRV,1995,Food imports (% of merchandise imports),TM.VAL.FOOD.ZS.UN,11.7896442046705
Croatia,HRV,1994,Food imports (% of merchandise imports),TM.VAL.FOOD.ZS.UN,11.1929110001769
Croatia,HRV,1993,Food imports (% of merchandise imports),TM.VAL.FOOD.ZS.UN,8.97733968874994
Croatia,HRV,1992,Food imports (% of merchandise imports),TM.VAL.FOOD.ZS.UN,12.4999029527334
Croatia,HRV,2024,Fuel imports (% of merchandise imports),TM.VAL.FUEL.ZS.UN,15.543368408269
Croatia,HRV,2023,Fuel imports (% of merchandise imports),TM.VAL.FUEL.ZS.UN,16.1405144679377
Croatia,HRV,2022,Fuel imports (% of merchandise imports),TM.VAL.FUEL.ZS.UN,25.4650908324271
Croatia,HRV,2021,Fuel imports (% of merchandise imports),TM.VAL.FUEL.ZS.UN,13.5917537792304
Croatia,HRV,2020,Fuel imports (% of merchandise imports),TM.VAL.FUEL.ZS.UN,8.49806963522146
Croatia,HRV,2019,Fuel imports (% of merchandise imports),TM.VAL.FUEL.ZS.UN,12.1921207131416
Croatia,HRV,2018,Fuel imports (% of merchandise imports),TM.VAL.FUEL.ZS.UN,13.5441634411122
Croatia,HRV,2017,Fuel imports (% of merchandise imports),TM.VAL.FUEL.ZS.UN,13.2747697150251
Croatia,HRV,2016,Fuel imports (% of merchandise imports),TM.VAL.FUEL.ZS.UN,12.3108652003581
Croatia,HRV,2015,Fuel imports (% of merchandise imports),TM.VAL.FUEL.ZS.UN,15.1957334900704
Croatia,HRV,2014,Fuel imports (% of merchandise imports),TM.VAL.FUEL.ZS.UN,18.6283214259546
Croatia,HRV,2013,Fuel imports (% of merchandise imports),TM.VAL.FUEL.ZS.UN,21.7182434370169
Croatia,HRV,2012,Fuel imports (% of merchandise imports),TM.VAL.FUEL.ZS.UN,23.1567402405822
Croatia,HRV,2011,Fuel imports (% of merchandise imports),TM.VAL.FUEL.ZS.UN,21.7959418672516
Croatia,HRV,2010,Fuel imports (% of merchandise imports),TM.VAL.FUEL.ZS.UN,18.8433616958013
Croatia,HRV,2009,Fuel imports (% of merchandise imports),TM.VAL.FUEL.ZS.UN,16.9172832904189
Croatia,HRV,2008,Fuel imports (% of merchandise imports),TM.VAL.FUEL.ZS.UN,17.5713747859909
Croatia,HRV,2007,Fuel imports (% of merchandise imports),TM.VAL.FUEL.ZS.UN,15.2114034067372
Croatia,HRV,2006,Fuel imports (% of merchandise imports),TM.VAL.FUEL.ZS.UN,15.8865156499903
Croatia,HRV,2005,Fuel imports (% of merchandise imports),TM.VAL.FUEL.ZS.UN,15.1186170176774
Croatia,HRV,2004,Fuel imports (% of merchandise imports),TM.VAL.FUEL.ZS.UN,11.976959368374
Croatia,HRV,2003,Fuel imports (% of merchandise imports),TM.VAL.FUEL.ZS.UN,10.9419258005453
Croatia,HRV,2002,Fuel imports (% of merchandise imports),TM.VAL.FUEL.ZS.UN,12.2174042030592
Croatia,HRV,2001,Fuel imports (% of merchandise imports),TM.VAL.FUEL.ZS.UN,12.8523103065067
Croatia,HRV,2000,Fuel imports (% of merchandise imports),TM.VAL.FUEL.ZS.UN,14.5122131360056
Croatia,HRV,1999,Fuel imports (% of merchandise imports),TM.VAL.FUEL.ZS.UN,11.0393296852763
Croatia,HRV,1998,Fuel imports (% of merchandise imports),TM.VAL.FUEL.ZS.UN,7.10941557253751
Croatia,HRV,1997,Fuel imports (% of merchandise imports),TM.VAL.FUEL.ZS.UN,9.31666184730697
Croatia,HRV,1996,Fuel imports (% of merchandise imports),TM.VAL.FUEL.ZS.UN,11.0104404078533
Croatia,HRV,1995,Fuel imports (% of merchandise imports),TM.VAL.FUEL.ZS.UN,11.6000256914165
Croatia,HRV,1994,Fuel imports (% of merchandise imports),TM.VAL.FUEL.ZS.UN,11.2687642347637
Croatia,HRV,1993,Fuel imports (% of merchandise imports),TM.VAL.FUEL.ZS.UN,9.89201055677457
Croatia,HRV,1992,Fuel imports (% of merchandise imports),TM.VAL.FUEL.ZS.UN,9.63881576455437
Croatia,HRV,2022,ICT goods imports (% total goods imports),TM.VAL.ICTG.ZS.UN,3.55
Croatia,HRV,2021,ICT goods imports (% total goods imports),TM.VAL.ICTG.ZS.UN,4.69
Croatia,HRV,2020,ICT goods imports (% total goods imports),TM.VAL.ICTG.ZS.UN,5.23
Croatia,HRV,2019,ICT goods imports (% total goods imports),TM.VAL.ICTG.ZS.UN,4.89
Croatia,HRV,2018,ICT goods imports (% total goods imports),TM.VAL.ICTG.ZS.UN,4.81
Croatia,HRV,2017,ICT goods imports (% total goods imports),TM.VAL.ICTG.ZS.UN,5.03
Croatia,HRV,2016,ICT goods imports (% total goods imports),TM.VAL.ICTG.ZS.UN,5.05
Croatia,HRV,2015,ICT goods imports (% total goods imports),TM.VAL.ICTG.ZS.UN,5.23
Croatia,HRV,2014,ICT goods imports (% total goods imports),TM.VAL.ICTG.ZS.UN,4.86
Croatia,HRV,2013,ICT goods imports (% total goods imports),TM.VAL.ICTG.ZS.UN,5.36
Croatia,HRV,2012,ICT goods imports (% total goods imports),TM.VAL.ICTG.ZS.UN,4.35
Croatia,HRV,2011,ICT goods imports (% total goods imports),TM.VAL.ICTG.ZS.UN,4.21
Croatia,HRV,2010,ICT goods imports (% total goods imports),TM.VAL.ICTG.ZS.UN,5.52
Croatia,HRV,2009,ICT goods imports (% total goods imports),TM.VAL.ICTG.ZS.UN,5.27
Croatia,HRV,2008,ICT goods imports (% total goods imports),TM.VAL.ICTG.ZS.UN,5.22
Croatia,HRV,2007,ICT goods imports (% total goods imports),TM.VAL.ICTG.ZS.UN,5.72
Croatia,HRV,2006,ICT goods imports (% total goods imports),TM.VAL.ICTG.ZS.UN,6.01
Croatia,HRV,2005,ICT goods imports (% total goods imports),TM.VAL.ICTG.ZS.UN,6.08
Croatia,HRV,2004,ICT goods imports (% total goods imports),TM.VAL.ICTG.ZS.UN,6.07
Croatia,HRV,2003,ICT goods imports (% total goods imports),TM.VAL.ICTG.ZS.UN,6.06
Croatia,HRV,2002,ICT goods imports (% total goods imports),TM.VAL.ICTG.ZS.UN,6.76
Croatia,HRV,2001,ICT goods imports (% total goods imports),TM.VAL.ICTG.ZS.UN,6.58
Croatia,HRV,2000,ICT goods imports (% total goods imports),TM.VAL.ICTG.ZS.UN,5.2
Croatia,HRV,2024,Insurance and financial services (% of commercial service imports),TM.VAL.INSF.ZS.WT,5.29907217852625
Croatia,HRV,2023,Insurance and financial services (% of commercial service imports),TM.VAL.INSF.ZS.WT,3.88167819919345
Croatia,HRV,2022,Insurance and financial services (% of commercial service imports),TM.VAL.INSF.ZS.WT,5.80722191145278
Croatia,HRV,2021,Insurance and financial services (% of commercial service imports),TM.VAL.INSF.ZS.WT,7.88719976771699
Croatia,HRV,2020,Insurance and financial services (% of commercial service imports),TM.VAL.INSF.ZS.WT,8.55126967810187
Croatia,HRV,2019,Insurance and financial services (% of commercial service imports),TM.VAL.INSF.ZS.WT,9.58643714146044
Croatia,HRV,2018,Insurance and financial services (% of commercial service imports),TM.VAL.INSF.ZS.WT,8.90865577611119
Croatia,HRV,2017,Insurance and financial services (% of commercial service imports),TM.VAL.INSF.ZS.WT,9.54063024697289
Croatia,HRV,2016,Insurance and financial services (% of commercial service imports),TM.VAL.INSF.ZS.WT,11.8074694937722
Croatia,HRV,2015,Insurance and financial services (% of commercial service imports),TM.VAL.INSF.ZS.WT,9.66923825521331
Croatia,HRV,2014,Insurance and financial services (% of commercial service imports),TM.VAL.INSF.ZS.WT,9.45547599762796
Croatia,HRV,2013,Insurance and financial services (% of commercial service imports),TM.VAL.INSF.ZS.WT,8.49309826341705
Croatia,HRV,2012,Insurance and financial services (% of commercial service imports),TM.VAL.INSF.ZS.WT,8.36789865653548
Croatia,HRV,2011,Insurance and financial services (% of commercial service imports),TM.VAL.INSF.ZS.WT,9.05169969037026
Croatia,HRV,2010,Insurance and financial services (% of commercial service imports),TM.VAL.INSF.ZS.WT,8.55340706210156
Croatia,HRV,2009,Insurance and financial services (% of commercial service imports),TM.VAL.INSF.ZS.WT,8.77234472620346
Croatia,HRV,2008,Insurance and financial services (% of commercial service imports),TM.VAL.INSF.ZS.WT,6.45102267268122
Croatia,HRV,2007,Insurance and financial services (% of commercial service imports),TM.VAL.INSF.ZS.WT,7.01585725825824
Croatia,HRV,2006,Insurance and financial services (% of commercial service imports),TM.VAL.INSF.ZS.WT,8.44233695410969
Croatia,HRV,2005,Insurance and financial services (% of commercial service imports),TM.VAL.INSF.ZS.WT,6.67691678365266
Croatia,HRV,2004,Insurance and financial services (% of commercial service imports),TM.VAL.INSF.ZS.WT,5.63733180718015
Croatia,HRV,2003,Insurance and financial services (% of commercial service imports),TM.VAL.INSF.ZS.WT,8.11916513477336
Croatia,HRV,2002,Insurance and financial services (% of commercial service imports),TM.VAL.INSF.ZS.WT,7.78975352083573
Croatia,HRV,2001,Insurance and financial services (% of commercial service imports),TM.VAL.INSF.ZS.WT,6.78716266105299
Croatia,HRV,2000,Insurance and financial services (% of commercial service imports),TM.VAL.INSF.ZS.WT,6.88217569907735
Croatia,HRV,1999,Insurance and financial services (% of commercial service imports),TM.VAL.INSF.ZS.WT,4.31915823169852
Croatia,HRV,1998,Insurance and financial services (% of commercial service imports),TM.VAL.INSF.ZS.WT,5.77797298783785
Croatia,HRV,1997,Insurance and financial services (% of commercial service imports),TM.VAL.INSF.ZS.WT,3.8914901338945
Croatia,HRV,1996,Insurance and financial services (% of commercial service imports),TM.VAL.INSF.ZS.WT,4.19204009495354
Croatia,HRV,1995,Insurance and financial services (% of commercial service imports),TM.VAL.INSF.ZS.WT,3.30579602679876
Croatia,HRV,1994,Insurance and financial services (% of commercial service imports),TM.VAL.INSF.ZS.WT,3.6144594748321
Croatia,HRV,1993,Insurance and financial services (% of commercial service imports),TM.VAL.INSF.ZS.WT,3.54267982957601
Croatia,HRV,2024,Manufactures imports (% of merchandise imports),TM.VAL.MANF.ZS.UN,65.7902879874173
Croatia,HRV,2023,Manufactures imports (% of merchandise imports),TM.VAL.MANF.ZS.UN,65.6396913333418
Croatia,HRV,2022,Manufactures imports (% of merchandise imports),TM.VAL.MANF.ZS.UN,58.1793617783048
Croatia,HRV,2021,Manufactures imports (% of merchandise imports),TM.VAL.MANF.ZS.UN,68.3775428070854
Croatia,HRV,2020,Manufactures imports (% of merchandise imports),TM.VAL.MANF.ZS.UN,73.5841077341437
Croatia,HRV,2019,Manufactures imports (% of merchandise imports),TM.VAL.MANF.ZS.UN,70.4990196583232
Croatia,HRV,2018,Manufactures imports (% of merchandise imports),TM.VAL.MANF.ZS.UN,69.9814060523116
Croatia,HRV,2017,Manufactures imports (% of merchandise imports),TM.VAL.MANF.ZS.UN,69.7703625308763
Croatia,HRV,2016,Manufactures imports (% of merchandise imports),TM.VAL.MANF.ZS.UN,71.1347732733532
Croatia,HRV,2015,Manufactures imports (% of merchandise imports),TM.VAL.MANF.ZS.UN,68.1482469587587
Croatia,HRV,2014,Manufactures imports (% of merchandise imports),TM.VAL.MANF.ZS.UN,64.7354236280043
Croatia,HRV,2013,Manufactures imports (% of merchandise imports),TM.VAL.MANF.ZS.UN,62.3224783089817
Croatia,HRV,2012,Manufactures imports (% of merchandise imports),TM.VAL.MANF.ZS.UN,61.4883297447929
Croatia,HRV,2011,Manufactures imports (% of merchandise imports),TM.VAL.MANF.ZS.UN,63.4697988215496
Croatia,HRV,2010,Manufactures imports (% of merchandise imports),TM.VAL.MANF.ZS.UN,67.1985290747746
Croatia,HRV,2009,Manufactures imports (% of merchandise imports),TM.VAL.MANF.ZS.UN,69.8616047025583
Croatia,HRV,2008,Manufactures imports (% of merchandise imports),TM.VAL.MANF.ZS.UN,70.4790622242263
Croatia,HRV,2007,Manufactures imports (% of merchandise imports),TM.VAL.MANF.ZS.UN,73.0445544581853
Croatia,HRV,2006,Manufactures imports (% of merchandise imports),TM.VAL.MANF.ZS.UN,72.0148186352902
Croatia,HRV,2005,Manufactures imports (% of merchandise imports),TM.VAL.MANF.ZS.UN,72.9177040923932
Croatia,HRV,2004,Manufactures imports (% of merchandise imports),TM.VAL.MANF.ZS.UN,76.069903482267
Croatia,HRV,2003,Manufactures imports (% of merchandise imports),TM.VAL.MANF.ZS.UN,77.1669588395773
Croatia,HRV,2002,Manufactures imports (% of merchandise imports),TM.VAL.MANF.ZS.UN,75.2508220813423
Croatia,HRV,2001,Manufactures imports (% of merchandise imports),TM.VAL.MANF.ZS.UN,74.5321731590332
Croatia,HRV,2000,Manufactures imports (% of merchandise imports),TM.VAL.MANF.ZS.UN,73.2897455169894
Croatia,HRV,1999,Manufactures imports (% of merchandise imports),TM.VAL.MANF.ZS.UN,73.3364726524687
Croatia,HRV,1998,Manufactures imports (% of merchandise imports),TM.VAL.MANF.ZS.UN,75.1074806504258
Croatia,HRV,1997,Manufactures imports (% of merchandise imports),TM.VAL.MANF.ZS.UN,72.5105493183263
Croatia,HRV,1996,Manufactures imports (% of merchandise imports),TM.VAL.MANF.ZS.UN,68.6463632178271
Croatia,HRV,1995,Manufactures imports (% of merchandise imports),TM.VAL.MANF.ZS.UN,66.5731681936514
Croatia,HRV,1994,Manufactures imports (% of merchandise imports),TM.VAL.MANF.ZS.UN,73.3179660756654
Croatia,HRV,1993,Manufactures imports (% of merchandise imports),TM.VAL.MANF.ZS.UN,76.1064026652169
Croatia,HRV,1992,Manufactures imports (% of merchandise imports),TM.VAL.MANF.ZS.UN,70.1069139405016
Croatia,HRV,2024,Ores and metals imports (% of merchandise imports),TM.VAL.MMTL.ZS.UN,2.93709094776299
Croatia,HRV,2023,Ores and metals imports (% of merchandise imports),TM.VAL.MMTL.ZS.UN,3.00189902180141
Croatia,HRV,2022,Ores and metals imports (% of merchandise imports),TM.VAL.MMTL.ZS.UN,3.3379754436101
Croatia,HRV,2021,Ores and metals imports (% of merchandise imports),TM.VAL.MMTL.ZS.UN,3.80124288984145
Croatia,HRV,2020,Ores and metals imports (% of merchandise imports),TM.VAL.MMTL.ZS.UN,3.0572896746054
Croatia,HRV,2019,Ores and metals imports (% of merchandise imports),TM.VAL.MMTL.ZS.UN,2.76470483868765
Croatia,HRV,2018,Ores and metals imports (% of merchandise imports),TM.VAL.MMTL.ZS.UN,2.78431692208507
Croatia,HRV,2017,Ores and metals imports (% of merchandise imports),TM.VAL.MMTL.ZS.UN,2.68505557931169
Croatia,HRV,2016,Ores and metals imports (% of merchandise imports),TM.VAL.MMTL.ZS.UN,2.34740211027758
Croatia,HRV,2015,Ores and metals imports (% of merchandise imports),TM.VAL.MMTL.ZS.UN,2.17586566147892
Croatia,HRV,2014,Ores and metals imports (% of merchandise imports),TM.VAL.MMTL.ZS.UN,2.3468365250757
Croatia,HRV,2013,Ores and metals imports (% of merchandise imports),TM.VAL.MMTL.ZS.UN,2.68208108957398
Croatia,HRV,2012,Ores and metals imports (% of merchandise imports),TM.VAL.MMTL.ZS.UN,2.61912008859334
Croatia,HRV,2011,Ores and metals imports (% of merchandise imports),TM.VAL.MMTL.ZS.UN,2.65839928967052
Croatia,HRV,2010,Ores and metals imports (% of merchandise imports),TM.VAL.MMTL.ZS.UN,2.43132459873848
Croatia,HRV,2009,Ores and metals imports (% of merchandise imports),TM.VAL.MMTL.ZS.UN,1.91386280921429
Croatia,HRV,2008,Ores and metals imports (% of merchandise imports),TM.VAL.MMTL.ZS.UN,2.73784238005674
Croatia,HRV,2007,Ores and metals imports (% of merchandise imports),TM.VAL.MMTL.ZS.UN,2.60725270186244
Croatia,HRV,2006,Ores and metals imports (% of merchandise imports),TM.VAL.MMTL.ZS.UN,2.6430062054199
Croatia,HRV,2005,Ores and metals imports (% of merchandise imports),TM.VAL.MMTL.ZS.UN,2.29990343947872
Croatia,HRV,2004,Ores and metals imports (% of merchandise imports),TM.VAL.MMTL.ZS.UN,2.11382117165469
Croatia,HRV,2003,Ores and metals imports (% of merchandise imports),TM.VAL.MMTL.ZS.UN,1.68542111813464
Croatia,HRV,2002,Ores and metals imports (% of merchandise imports),TM.VAL.MMTL.ZS.UN,1.96306070816633
Croatia,HRV,2001,Ores and metals imports (% of merchandise imports),TM.VAL.MMTL.ZS.UN,2.25012722602703
Croatia,HRV,2000,Ores and metals imports (% of merchandise imports),TM.VAL.MMTL.ZS.UN,2.31252765270446
Croatia,HRV,1999,Ores and metals imports (% of merchandise imports),TM.VAL.MMTL.ZS.UN,2.34526752962187
Croatia,HRV,1998,Ores and metals imports (% of merchandise imports),TM.VAL.MMTL.ZS.UN,2.25486116735185
Croatia,HRV,1997,Ores and metals imports (% of merchandise imports),TM.VAL.MMTL.ZS.UN,2.31507565534709
Croatia,HRV,1996,Ores and metals imports (% of merchandise imports),TM.VAL.MMTL.ZS.UN,2.51988517589842
Croatia,HRV,1995,Ores and metals imports (% of merchandise imports),TM.VAL.MMTL.ZS.UN,2.53401496156822
Croatia,HRV,1994,Ores and metals imports (% of merchandise imports),TM.VAL.MMTL.ZS.UN,2.42288895382583
Croatia,HRV,1993,Ores and metals imports (% of merchandise imports),TM.VAL.MMTL.ZS.UN,3.00685476572034
Croatia,HRV,1992,Ores and metals imports (% of merchandise imports),TM.VAL.MMTL.ZS.UN,3.91793310995738
Croatia,HRV,2023,Merchandise imports from economies in the Arab World (% of total merchandise imports),TM.VAL.MRCH.AL.ZS,1.54204203819077
Croatia,HRV,2022,Merchandise imports from economies in the Arab World (% of total merchandise imports),TM.VAL.MRCH.AL.ZS,1.67152147101653
Croatia,HRV,2021,Merchandise imports from economies in the Arab World (% of total merchandise imports),TM.VAL.MRCH.AL.ZS,1.90197594752379
Croatia,HRV,2020,Merchandise imports from economies in the Arab World (% of total merchandise imports),TM.VAL.MRCH.AL.ZS,1.06284749027515
Croatia,HRV,2019,Merchandise imports from economies in the Arab World (% of total merchandise imports),TM.VAL.MRCH.AL.ZS,1.61714776379408
Croatia,HRV,2018,Merchandise imports from economies in the Arab World (% of total merchandise imports),TM.VAL.MRCH.AL.ZS,2.29957384093695
Croatia,HRV,2017,Merchandise imports from economies in the Arab World (% of total merchandise imports),TM.VAL.MRCH.AL.ZS,2.107765692102
Croatia,HRV,2016,Merchandise imports from economies in the Arab World (% of total merchandise imports),TM.VAL.MRCH.AL.ZS,2.00308942224285
Croatia,HRV,2015,Merchandise imports from economies in the Arab World (% of total merchandise imports),TM.VAL.MRCH.AL.ZS,1.5711261852285
Croatia,HRV,2014,Merchandise imports from economies in the Arab World (% of total merchandise imports),TM.VAL.MRCH.AL.ZS,1.0055744827005
Croatia,HRV,2013,Merchandise imports from economies in the Arab World (% of total merchandise imports),TM.VAL.MRCH.AL.ZS,0.972399136103359
Croatia,HRV,2012,Merchandise imports from economies in the Arab World (% of total merchandise imports),TM.VAL.MRCH.AL.ZS,0.678537172993465
Croatia,HRV,2011,Merchandise imports from economies in the Arab World (% of total merchandise imports),TM.VAL.MRCH.AL.ZS,0.85670886970109
Croatia,HRV,2010,Merchandise imports from economies in the Arab World (% of total merchandise imports),TM.VAL.MRCH.AL.ZS,0.840553607763628
Croatia,HRV,2009,Merchandise imports from economies in the Arab World (% of total merchandise imports),TM.VAL.MRCH.AL.ZS,0.47164958568737
Croatia,HRV,2008,Merchandise imports from economies in the Arab World (% of total merchandise imports),TM.VAL.MRCH.AL.ZS,0.842134897342214
Croatia,HRV,2007,Merchandise imports from economies in the Arab World (% of total merchandise imports),TM.VAL.MRCH.AL.ZS,0.634704135991117
Croatia,HRV,2006,Merchandise imports from economies in the Arab World (% of total merchandise imports),TM.VAL.MRCH.AL.ZS,0.436372405586223
Croatia,HRV,2005,Merchandise imports from economies in the Arab World (% of total merchandise imports),TM.VAL.MRCH.AL.ZS,1.24384680478575
Croatia,HRV,2004,Merchandise imports from economies in the Arab World (% of total merchandise imports),TM.VAL.MRCH.AL.ZS,1.50567848950652
Croatia,HRV,2003,Merchandise imports from economies in the Arab World (% of total merchandise imports),TM.VAL.MRCH.AL.ZS,3.17299841673969
Croatia,HRV,2002,Merchandise imports from economies in the Arab World (% of total merchandise imports),TM.VAL.MRCH.AL.ZS,3.05718426352407
Croatia,HRV,2001,Merchandise imports from economies in the Arab World (% of total merchandise imports),TM.VAL.MRCH.AL.ZS,3.81731984482799
Croatia,HRV,2000,Merchandise imports from economies in the Arab World (% of total merchandise imports),TM.VAL.MRCH.AL.ZS,3.91640699922122
Croatia,HRV,1999,Merchandise imports from economies in the Arab World (% of total merchandise imports),TM.VAL.MRCH.AL.ZS,1.08739196085603
Croatia,HRV,1998,Merchandise imports from economies in the Arab World (% of total merchandise imports),TM.VAL.MRCH.AL.ZS,2.01015556893628
Croatia,HRV,1997,Merchandise imports from economies in the Arab World (% of total merchandise imports),TM.VAL.MRCH.AL.ZS,3.94898531693422
Croatia,HRV,1996,Merchandise imports from economies in the Arab World (% of total merchandise imports),TM.VAL.MRCH.AL.ZS,4.90219687312685
Croatia,HRV,1995,Merchandise imports from economies in the Arab World (% of total merchandise imports),TM.VAL.MRCH.AL.ZS,3.78401940895919
Croatia,HRV,1994,Merchandise imports from economies in the Arab World (% of total merchandise imports),TM.VAL.MRCH.AL.ZS,2.0848865864901
Croatia,HRV,2024,Merchandise imports (current US$),TM.VAL.MRCH.CD.WT,45721000000
Croatia,HRV,2023,Merchandise imports (current US$),TM.VAL.MRCH.CD.WT,43451000000
Croatia,HRV,2022,Merchandise imports (current US$),TM.VAL.MRCH.CD.WT,44623000000
Croatia,HRV,2021,Merchandise imports (current US$),TM.VAL.MRCH.CD.WT,34527000000
Croatia,HRV,2020,Merchandise imports (current US$),TM.VAL.MRCH.CD.WT,26830000000
Croatia,HRV,2019,Merchandise imports (current US$),TM.VAL.MRCH.CD.WT,28160000000
Croatia,HRV,2018,Merchandise imports (current US$),TM.VAL.MRCH.CD.WT,28203000000
Croatia,HRV,2017,Merchandise imports (current US$),TM.VAL.MRCH.CD.WT,24829000000
Croatia,HRV,2016,Merchandise imports (current US$),TM.VAL.MRCH.CD.WT,21903000000
Croatia,HRV,2015,Merchandise imports (current US$),TM.VAL.MRCH.CD.WT,20571000000
Croatia,HRV,2014,Merchandise imports (current US$),TM.VAL.MRCH.CD.WT,22809000000
Croatia,HRV,2013,Merchandise imports (current US$),TM.VAL.MRCH.CD.WT,22022000000
Croatia,HRV,2012,Merchandise imports (current US$),TM.VAL.MRCH.CD.WT,20832000000
Croatia,HRV,2011,Merchandise imports (current US$),TM.VAL.MRCH.CD.WT,22663000000
Croatia,HRV,2010,Merchandise imports (current US$),TM.VAL.MRCH.CD.WT,20067000000
Croatia,HRV,2009,Merchandise imports (current US$),TM.VAL.MRCH.CD.WT,21123000000
Croatia,HRV,2008,Merchandise imports (current US$),TM.VAL.MRCH.CD.WT,30728000000
Croatia,HRV,2007,Merchandise imports (current US$),TM.VAL.MRCH.CD.WT,25617000000
Croatia,HRV,2006,Merchandise imports (current US$),TM.VAL.MRCH.CD.WT,21477000000
Croatia,HRV,2005,Merchandise imports (current US$),TM.VAL.MRCH.CD.WT,18599000000
Croatia,HRV,2004,Merchandise imports (current US$),TM.VAL.MRCH.CD.WT,16612000000
Croatia,HRV,2003,Merchandise imports (current US$),TM.VAL.MRCH.CD.WT,14209000000
Croatia,HRV,2002,Merchandise imports (current US$),TM.VAL.MRCH.CD.WT,10711000000
Croatia,HRV,2001,Merchandise imports (current US$),TM.VAL.MRCH.CD.WT,9147000000
Croatia,HRV,2000,Merchandise imports (current US$),TM.VAL.MRCH.CD.WT,7887000000
Croatia,HRV,1999,Merchandise imports (current US$),TM.VAL.MRCH.CD.WT,7799000000
Croatia,HRV,1998,Merchandise imports (current US$),TM.VAL.MRCH.CD.WT,8276000000
Croatia,HRV,1997,Merchandise imports (current US$),TM.VAL.MRCH.CD.WT,9101000000
Croatia,HRV,1996,Merchandise imports (current US$),TM.VAL.MRCH.CD.WT,7784000000
Croatia,HRV,1995,Merchandise imports (current US$),TM.VAL.MRCH.CD.WT,7352000000
Croatia,HRV,1994,Merchandise imports (current US$),TM.VAL.MRCH.CD.WT,5229000000
Croatia,HRV,1993,Merchandise imports (current US$),TM.VAL.MRCH.CD.WT,4666000000
Croatia,HRV,1992,Merchandise imports (current US$),TM.VAL.MRCH.CD.WT,4500000000
Croatia,HRV,2023,Merchandise imports from high-income economies (% of total merchandise imports),TM.VAL.MRCH.HI.ZS,82.4659197622491
Croatia,HRV,2022,Merchandise imports from high-income economies (% of total merchandise imports),TM.VAL.MRCH.HI.ZS,80.9990118604542
Croatia,HRV,2021,Merchandise imports from high-income economies (% of total merchandise imports),TM.VAL.MRCH.HI.ZS,80.7843670259884
Croatia,HRV,2020,Merchandise imports from high-income economies (% of total merchandise imports),TM.VAL.MRCH.HI.ZS,81.7884052857613
Croatia,HRV,2019,Merchandise imports from high-income economies (% of total merchandise imports),TM.VAL.MRCH.HI.ZS,84.4981333342669
Croatia,HRV,2018,Merchandise imports from high-income economies (% of total merchandise imports),TM.VAL.MRCH.HI.ZS,83.1541929877186
Croatia,HRV,2017,Merchandise imports from high-income economies (% of total merchandise imports),TM.VAL.MRCH.HI.ZS,83.2608827599264
Croatia,HRV,2016,Merchandise imports from high-income economies (% of total merchandise imports),TM.VAL.MRCH.HI.ZS,84.1807639950529
Croatia,HRV,2015,Merchandise imports from high-income economies (% of total merchandise imports),TM.VAL.MRCH.HI.ZS,84.7210992892304
Croatia,HRV,2014,Merchandise imports from high-income economies (% of total merchandise imports),TM.VAL.MRCH.HI.ZS,85.6411470771716
Croatia,HRV,2013,Merchandise imports from high-income economies (% of total merchandise imports),TM.VAL.MRCH.HI.ZS,79.0054026944077
Croatia,HRV,2012,Merchandise imports from high-income economies (% of total merchandise imports),TM.VAL.MRCH.HI.ZS,77.8151535440688
Croatia,HRV,2011,Merchandise imports from high-income economies (% of total merchandise imports),TM.VAL.MRCH.HI.ZS,76.6836580670645
Croatia,HRV,2010,Merchandise imports from high-income economies (% of total merchandise imports),TM.VAL.MRCH.HI.ZS,77.4716253244613
Croatia,HRV,2009,Merchandise imports from high-income economies (% of total merchandise imports),TM.VAL.MRCH.HI.ZS,81.040637756206
Croatia,HRV,2008,Merchandise imports from high-income economies (% of total merchandise imports),TM.VAL.MRCH.HI.ZS,82.3407341797874
Croatia,HRV,2007,Merchandise imports from high-income economies (% of total merchandise imports),TM.VAL.MRCH.HI.ZS,82.6410510396831
Croatia,HRV,2006,Merchandise imports from high-income economies (% of total merchandise imports),TM.VAL.MRCH.HI.ZS,85.4627019475642
Croatia,HRV,2005,Merchandise imports from high-income economies (% of total merchandise imports),TM.VAL.MRCH.HI.ZS,85.5969562284701
Croatia,HRV,2004,Merchandise imports from high-income economies (% of total merchandise imports),TM.VAL.MRCH.HI.ZS,87.093578109005
Croatia,HRV,2003,Merchandise imports from high-income economies (% of total merchandise imports),TM.VAL.MRCH.HI.ZS,87.482399363889
Croatia,HRV,2002,Merchandise imports from high-income economies (% of total merchandise imports),TM.VAL.MRCH.HI.ZS,88.059751085009
Croatia,HRV,2001,Merchandise imports from high-income economies (% of total merchandise imports),TM.VAL.MRCH.HI.ZS,88.525836508325
Croatia,HRV,2000,Merchandise imports from high-income economies (% of total merchandise imports),TM.VAL.MRCH.HI.ZS,89.0264735653091
Croatia,HRV,1999,Merchandise imports from high-income economies (% of total merchandise imports),TM.VAL.MRCH.HI.ZS,92.2273447726539
Croatia,HRV,1998,Merchandise imports from high-income economies (% of total merchandise imports),TM.VAL.MRCH.HI.ZS,90.2723174995478
Croatia,HRV,1997,Merchandise imports from high-income economies (% of total merchandise imports),TM.VAL.MRCH.HI.ZS,89.8745977275828
Croatia,HRV,1996,Merchandise imports from high-income economies (% of total merchandise imports),TM.VAL.MRCH.HI.ZS,87.7386838654288
Croatia,HRV,1995,Merchandise imports from high-income economies (% of total merchandise imports),TM.VAL.MRCH.HI.ZS,89.7070667395199
Croatia,HRV,1994,Merchandise imports from high-income economies (% of total merchandise imports),TM.VAL.MRCH.HI.ZS,86.9465042584193
Croatia,HRV,1993,Merchandise imports from high-income economies (% of total merchandise imports),TM.VAL.MRCH.HI.ZS,98.1518430975096
Croatia,HRV,2023,Merchandise imports from low- and middle-income economies outside region (% of total merchandise imports),TM.VAL.MRCH.OR.ZS,6.09369172691382
Croatia,HRV,2022,Merchandise imports from low- and middle-income economies outside region (% of total merchandise imports),TM.VAL.MRCH.OR.ZS,5.90065191525028
Croatia,HRV,2021,Merchandise imports from low- and middle-income economies outside region (% of total merchandise imports),TM.VAL.MRCH.OR.ZS,6.79335623612748
Croatia,HRV,2020,Merchandise imports from low- and middle-income economies outside region (% of total merchandise imports),TM.VAL.MRCH.OR.ZS,7.09478772579786
Croatia,HRV,2019,Merchandise imports from low- and middle-income economies outside region (% of total merchandise imports),TM.VAL.MRCH.OR.ZS,5.89631918664309
Croatia,HRV,2018,Merchandise imports from low- and middle-income economies outside region (% of total merchandise imports),TM.VAL.MRCH.OR.ZS,7.17969254824402
Croatia,HRV,2017,Merchandise imports from low- and middle-income economies outside region (% of total merchandise imports),TM.VAL.MRCH.OR.ZS,7.07982157839402
Croatia,HRV,2016,Merchandise imports from low- and middle-income economies outside region (% of total merchandise imports),TM.VAL.MRCH.OR.ZS,6.61109246186239
Croatia,HRV,2015,Merchandise imports from low- and middle-income economies outside region (% of total merchandise imports),TM.VAL.MRCH.OR.ZS,6.24538685087595
Croatia,HRV,2014,Merchandise imports from low- and middle-income economies outside region (% of total merchandise imports),TM.VAL.MRCH.OR.ZS,5.73346548166878
Croatia,HRV,2013,Merchandise imports from low- and middle-income economies outside region (% of total merchandise imports),TM.VAL.MRCH.OR.ZS,9.92912832704827
Croatia,HRV,2012,Merchandise imports from low- and middle-income economies outside region (% of total merchandise imports),TM.VAL.MRCH.OR.ZS,12.2359188692962
Croatia,HRV,2011,Merchandise imports from low- and middle-income economies outside region (% of total merchandise imports),TM.VAL.MRCH.OR.ZS,11.8596995377037
Croatia,HRV,2010,Merchandise imports from low- and middle-income economies outside region (% of total merchandise imports),TM.VAL.MRCH.OR.ZS,11.6074218923668
Croatia,HRV,2009,Merchandise imports from low- and middle-income economies outside region (% of total merchandise imports),TM.VAL.MRCH.OR.ZS,10.8389814052546
Croatia,HRV,2008,Merchandise imports from low- and middle-income economies outside region (% of total merchandise imports),TM.VAL.MRCH.OR.ZS,10.2643661299862
Croatia,HRV,2007,Merchandise imports from low- and middle-income economies outside region (% of total merchandise imports),TM.VAL.MRCH.OR.ZS,9.93740593570809
Croatia,HRV,2006,Merchandise imports from low- and middle-income economies outside region (% of total merchandise imports),TM.VAL.MRCH.OR.ZS,8.73343077087709
Croatia,HRV,2005,Merchandise imports from low- and middle-income economies outside region (% of total merchandise imports),TM.VAL.MRCH.OR.ZS,9.11370542337771
Croatia,HRV,2004,Merchandise imports from low- and middle-income economies outside region (% of total merchandise imports),TM.VAL.MRCH.OR.ZS,8.43398917017424
Croatia,HRV,2003,Merchandise imports from low- and middle-income economies outside region (% of total merchandise imports),TM.VAL.MRCH.OR.ZS,8.99392409441234
Croatia,HRV,2002,Merchandise imports from low- and middle-income economies outside region (% of total merchandise imports),TM.VAL.MRCH.OR.ZS,8.66549016965166
Croatia,HRV,2001,Merchandise imports from low- and middle-income economies outside region (% of total merchandise imports),TM.VAL.MRCH.OR.ZS,8.36449486458581
Croatia,HRV,2000,Merchandise imports from low- and middle-income economies outside region (% of total merchandise imports),TM.VAL.MRCH.OR.ZS,8.12899994118748
Croatia,HRV,1999,Merchandise imports from low- and middle-income economies outside region (% of total merchandise imports),TM.VAL.MRCH.OR.ZS,4.5500038184661
Croatia,HRV,1998,Merchandise imports from low- and middle-income economies outside region (% of total merchandise imports),TM.VAL.MRCH.OR.ZS,6.11037763542398
Croatia,HRV,1997,Merchandise imports from low- and middle-income economies outside region (% of total merchandise imports),TM.VAL.MRCH.OR.ZS,7.35971200250082
Croatia,HRV,1996,Merchandise imports from low- and middle-income economies outside region (% of total merchandise imports),TM.VAL.MRCH.OR.ZS,10.1971505825261
Croatia,HRV,1995,Merchandise imports from low- and middle-income economies outside region (% of total merchandise imports),TM.VAL.MRCH.OR.ZS,8.35877469154725
Croatia,HRV,1994,Merchandise imports from low- and middle-income economies outside region (% of total merchandise imports),TM.VAL.MRCH.OR.ZS,10.7484437303453
Croatia,HRV,2023,Merchandise imports from low- and middle-income economies in East Asia & Pacific (% of total merchandise imports),TM.VAL.MRCH.R1.ZS,3.82721954250008
Croatia,HRV,2022,Merchandise imports from low- and middle-income economies in East Asia & Pacific (% of total merchandise imports),TM.VAL.MRCH.R1.ZS,3.8658320175715
Croatia,HRV,2021,Merchandise imports from low- and middle-income economies in East Asia & Pacific (% of total merchandise imports),TM.VAL.MRCH.R1.ZS,3.91812130106927
Croatia,HRV,2020,Merchandise imports from low- and middle-income economies in East Asia & Pacific (% of total merchandise imports),TM.VAL.MRCH.R1.ZS,5.05540569335404
Croatia,HRV,2019,Merchandise imports from low- and middle-income economies in East Asia & Pacific (% of total merchandise imports),TM.VAL.MRCH.R1.ZS,3.32643449867405
Croatia,HRV,2018,Merchandise imports from low- and middle-income economies in East Asia & Pacific (% of total merchandise imports),TM.VAL.MRCH.R1.ZS,3.81198084178379
Croatia,HRV,2017,Merchandise imports from low- and middle-income economies in East Asia & Pacific (% of total merchandise imports),TM.VAL.MRCH.R1.ZS,3.85647540122901
Croatia,HRV,2016,Merchandise imports from low- and middle-income economies in East Asia & Pacific (% of total merchandise imports),TM.VAL.MRCH.R1.ZS,3.4907687009241
Croatia,HRV,2015,Merchandise imports from low- and middle-income economies in East Asia & Pacific (% of total merchandise imports),TM.VAL.MRCH.R1.ZS,3.25951857065322
Croatia,HRV,2014,Merchandise imports from low- and middle-income economies in East Asia & Pacific (% of total merchandise imports),TM.VAL.MRCH.R1.ZS,3.02238589113474
Croatia,HRV,2013,Merchandise imports from low- and middle-income economies in East Asia & Pacific (% of total merchandise imports),TM.VAL.MRCH.R1.ZS,6.59874832383134
Croatia,HRV,2012,Merchandise imports from low- and middle-income economies in East Asia & Pacific (% of total merchandise imports),TM.VAL.MRCH.R1.ZS,8.24731084346325
Croatia,HRV,2011,Merchandise imports from low- and middle-income economies in East Asia & Pacific (% of total merchandise imports),TM.VAL.MRCH.R1.ZS,8.20455390958472
Croatia,HRV,2010,Merchandise imports from low- and middle-income economies in East Asia & Pacific (% of total merchandise imports),TM.VAL.MRCH.R1.ZS,8.22792610961091
Croatia,HRV,2009,Merchandise imports from low- and middle-income economies in East Asia & Pacific (% of total merchandise imports),TM.VAL.MRCH.R1.ZS,7.88643936355348
Croatia,HRV,2008,Merchandise imports from low- and middle-income economies in East Asia & Pacific (% of total merchandise imports),TM.VAL.MRCH.R1.ZS,7.17005520396418
Croatia,HRV,2007,Merchandise imports from low- and middle-income economies in East Asia & Pacific (% of total merchandise imports),TM.VAL.MRCH.R1.ZS,7.25558358525137
Croatia,HRV,2006,Merchandise imports from low- and middle-income economies in East Asia & Pacific (% of total merchandise imports),TM.VAL.MRCH.R1.ZS,6.31993115250216
Croatia,HRV,2005,Merchandise imports from low- and middle-income economies in East Asia & Pacific (% of total merchandise imports),TM.VAL.MRCH.R1.ZS,5.63924061032854
Croatia,HRV,2004,Merchandise imports from low- and middle-income economies in East Asia & Pacific (% of total merchandise imports),TM.VAL.MRCH.R1.ZS,5.02841931754218
Croatia,HRV,2003,Merchandise imports from low- and middle-income economies in East Asia & Pacific (% of total merchandise imports),TM.VAL.MRCH.R1.ZS,3.88292033151258
Croatia,HRV,2002,Merchandise imports from low- and middle-income economies in East Asia & Pacific (% of total merchandise imports),TM.VAL.MRCH.R1.ZS,3.47613041074789
Croatia,HRV,2001,Merchandise imports from low- and middle-income economies in East Asia & Pacific (% of total merchandise imports),TM.VAL.MRCH.R1.ZS,2.47490609332918
Croatia,HRV,2000,Merchandise imports from low- and middle-income economies in East Asia & Pacific (% of total merchandise imports),TM.VAL.MRCH.R1.ZS,1.76368646726753
Croatia,HRV,1999,Merchandise imports from low- and middle-income economies in East Asia & Pacific (% of total merchandise imports),TM.VAL.MRCH.R1.ZS,1.35763217586917
Croatia,HRV,1998,Merchandise imports from low- and middle-income economies in East Asia & Pacific (% of total merchandise imports),TM.VAL.MRCH.R1.ZS,1.15829508076817
Croatia,HRV,1997,Merchandise imports from low- and middle-income economies in East Asia & Pacific (% of total merchandise imports),TM.VAL.MRCH.R1.ZS,1.13421984290893
Croatia,HRV,1996,Merchandise imports from low- and middle-income economies in East Asia & Pacific (% of total merchandise imports),TM.VAL.MRCH.R1.ZS,0.957091217480755
Croatia,HRV,1995,Merchandise imports from low- and middle-income economies in East Asia & Pacific (% of total merchandise imports),TM.VAL.MRCH.R1.ZS,0.834784670910748
Croatia,HRV,1994,Merchandise imports from low- and middle-income economies in East Asia & Pacific (% of total merchandise imports),TM.VAL.MRCH.R1.ZS,0.798437804386533
Croatia,HRV,2023,Merchandise imports from low- and middle-income economies in Europe & Central Asia (% of total merchandise imports),TM.VAL.MRCH.R2.ZS,11.4398097333682
Croatia,HRV,2022,Merchandise imports from low- and middle-income economies in Europe & Central Asia (% of total merchandise imports),TM.VAL.MRCH.R2.ZS,13.1001704147621
Croatia,HRV,2021,Merchandise imports from low- and middle-income economies in Europe & Central Asia (% of total merchandise imports),TM.VAL.MRCH.R2.ZS,12.4204828330138
Croatia,HRV,2020,Merchandise imports from low- and middle-income economies in Europe & Central Asia (% of total merchandise imports),TM.VAL.MRCH.R2.ZS,11.1150966942647
Croatia,HRV,2019,Merchandise imports from low- and middle-income economies in Europe & Central Asia (% of total merchandise imports),TM.VAL.MRCH.R2.ZS,9.60413046970356
Croatia,HRV,2018,Merchandise imports from low- and middle-income economies in Europe & Central Asia (% of total merchandise imports),TM.VAL.MRCH.R2.ZS,9.6653628996579
Croatia,HRV,2017,Merchandise imports from low- and middle-income economies in Europe & Central Asia (% of total merchandise imports),TM.VAL.MRCH.R2.ZS,9.63915287489569
Croatia,HRV,2016,Merchandise imports from low- and middle-income economies in Europe & Central Asia (% of total merchandise imports),TM.VAL.MRCH.R2.ZS,9.20041795616762
Croatia,HRV,2015,Merchandise imports from low- and middle-income economies in Europe & Central Asia (% of total merchandise imports),TM.VAL.MRCH.R2.ZS,9.03344981897858
Croatia,HRV,2014,Merchandise imports from low- and middle-income economies in Europe & Central Asia (% of total merchandise imports),TM.VAL.MRCH.R2.ZS,8.62530745638903
Croatia,HRV,2013,Merchandise imports from low- and middle-income economies in Europe & Central Asia (% of total merchandise imports),TM.VAL.MRCH.R2.ZS,11.0641989887327
Croatia,HRV,2012,Merchandise imports from low- and middle-income economies in Europe & Central Asia (% of total merchandise imports),TM.VAL.MRCH.R2.ZS,9.93066214186276
Croatia,HRV,2011,Merchandise imports from low- and middle-income economies in Europe & Central Asia (% of total merchandise imports),TM.VAL.MRCH.R2.ZS,11.4542207838823
Croatia,HRV,2010,Merchandise imports from low- and middle-income economies in Europe & Central Asia (% of total merchandise imports),TM.VAL.MRCH.R2.ZS,10.9155463095379
Croatia,HRV,2009,Merchandise imports from low- and middle-income economies in Europe & Central Asia (% of total merchandise imports),TM.VAL.MRCH.R2.ZS,8.12008323831081
Croatia,HRV,2008,Merchandise imports from low- and middle-income economies in Europe & Central Asia (% of total merchandise imports),TM.VAL.MRCH.R2.ZS,7.39313933768131
Croatia,HRV,2007,Merchandise imports from low- and middle-income economies in Europe & Central Asia (% of total merchandise imports),TM.VAL.MRCH.R2.ZS,7.39461614191939
Croatia,HRV,2006,Merchandise imports from low- and middle-income economies in Europe & Central Asia (% of total merchandise imports),TM.VAL.MRCH.R2.ZS,5.73812694307009
Croatia,HRV,2005,Merchandise imports from low- and middle-income economies in Europe & Central Asia (% of total merchandise imports),TM.VAL.MRCH.R2.ZS,5.25616630399787
Croatia,HRV,2004,Merchandise imports from low- and middle-income economies in Europe & Central Asia (% of total merchandise imports),TM.VAL.MRCH.R2.ZS,4.46663187616096
Croatia,HRV,2003,Merchandise imports from low- and middle-income economies in Europe & Central Asia (% of total merchandise imports),TM.VAL.MRCH.R2.ZS,3.51943258210027
Croatia,HRV,2002,Merchandise imports from low- and middle-income economies in Europe & Central Asia (% of total merchandise imports),TM.VAL.MRCH.R2.ZS,3.25977324494323
Croatia,HRV,2001,Merchandise imports from low- and middle-income economies in Europe & Central Asia (% of total merchandise imports),TM.VAL.MRCH.R2.ZS,3.07395134079402
Croatia,HRV,2000,Merchandise imports from low- and middle-income economies in Europe & Central Asia (% of total merchandise imports),TM.VAL.MRCH.R2.ZS,2.74405309363274
Croatia,HRV,1999,Merchandise imports from low- and middle-income economies in Europe & Central Asia (% of total merchandise imports),TM.VAL.MRCH.R2.ZS,3.21514845794261
Croatia,HRV,1998,Merchandise imports from low- and middle-income economies in Europe & Central Asia (% of total merchandise imports),TM.VAL.MRCH.R2.ZS,3.55409256168095
Croatia,HRV,1997,Merchandise imports from low- and middle-income economies in Europe & Central Asia (% of total merchandise imports),TM.VAL.MRCH.R2.ZS,2.72412200342238
Croatia,HRV,1996,Merchandise imports from low- and middle-income economies in Europe & Central Asia (% of total merchandise imports),TM.VAL.MRCH.R2.ZS,2.06141717031852
Croatia,HRV,1995,Merchandise imports from low- and middle-income economies in Europe & Central Asia (% of total merchandise imports),TM.VAL.MRCH.R2.ZS,1.89645635578061
Croatia,HRV,1994,Merchandise imports from low- and middle-income economies in Europe & Central Asia (% of total merchandise imports),TM.VAL.MRCH.R2.ZS,2.29584682729615
Croatia,HRV,1993,Merchandise imports from low- and middle-income economies in Europe & Central Asia (% of total merchandise imports),TM.VAL.MRCH.R2.ZS,1.84815690249044
Croatia,HRV,2023,Merchandise imports from low- and middle-income economies in Latin America & the Caribbean (% of total merchandise imports),TM.VAL.MRCH.R3.ZS,0.26232006000155
Croatia,HRV,2022,Merchandise imports from low- and middle-income economies in Latin America & the Caribbean (% of total merchandise imports),TM.VAL.MRCH.R3.ZS,0.316662971141392
Croatia,HRV,2021,Merchandise imports from low- and middle-income economies in Latin America & the Caribbean (% of total merchandise imports),TM.VAL.MRCH.R3.ZS,0.298207498988568
Croatia,HRV,2020,Merchandise imports from low- and middle-income economies in Latin America & the Caribbean (% of total merchandise imports),TM.VAL.MRCH.R3.ZS,0.276012510153473
Croatia,HRV,2019,Merchandise imports from low- and middle-income economies in Latin America & the Caribbean (% of total merchandise imports),TM.VAL.MRCH.R3.ZS,0.320748408088475
Croatia,HRV,2018,Merchandise imports from low- and middle-income economies in Latin America & the Caribbean (% of total merchandise imports),TM.VAL.MRCH.R3.ZS,0.277706841034063
Croatia,HRV,2017,Merchandise imports from low- and middle-income economies in Latin America & the Caribbean (% of total merchandise imports),TM.VAL.MRCH.R3.ZS,0.4601406627076
Croatia,HRV,2016,Merchandise imports from low- and middle-income economies in Latin America & the Caribbean (% of total merchandise imports),TM.VAL.MRCH.R3.ZS,0.831476304479663
Croatia,HRV,2015,Merchandise imports from low- and middle-income economies in Latin America & the Caribbean (% of total merchandise imports),TM.VAL.MRCH.R3.ZS,0.820037420738356
Croatia,HRV,2014,Merchandise imports from low- and middle-income economies in Latin America & the Caribbean (% of total merchandise imports),TM.VAL.MRCH.R3.ZS,0.798181881673063
Croatia,HRV,2013,Merchandise imports from low- and middle-income economies in Latin America & the Caribbean (% of total merchandise imports),TM.VAL.MRCH.R3.ZS,1.42042341256912
Croatia,HRV,2012,Merchandise imports from low- and middle-income economies in Latin America & the Caribbean (% of total merchandise imports),TM.VAL.MRCH.R3.ZS,1.78349407688126
Croatia,HRV,2011,Merchandise imports from low- and middle-income economies in Latin America & the Caribbean (% of total merchandise imports),TM.VAL.MRCH.R3.ZS,1.70916210232998
Croatia,HRV,2010,Merchandise imports from low- and middle-income economies in Latin America & the Caribbean (% of total merchandise imports),TM.VAL.MRCH.R3.ZS,1.62461610240096
Croatia,HRV,2009,Merchandise imports from low- and middle-income economies in Latin America & the Caribbean (% of total merchandise imports),TM.VAL.MRCH.R3.ZS,1.46979607776156
Croatia,HRV,2008,Merchandise imports from low- and middle-income economies in Latin America & the Caribbean (% of total merchandise imports),TM.VAL.MRCH.R3.ZS,1.4928530237951
Croatia,HRV,2007,Merchandise imports from low- and middle-income economies in Latin America & the Caribbean (% of total merchandise imports),TM.VAL.MRCH.R3.ZS,1.32028565489791
Croatia,HRV,2006,Merchandise imports from low- and middle-income economies in Latin America & the Caribbean (% of total merchandise imports),TM.VAL.MRCH.R3.ZS,1.31462416116979
Croatia,HRV,2005,Merchandise imports from low- and middle-income economies in Latin America & the Caribbean (% of total merchandise imports),TM.VAL.MRCH.R3.ZS,1.49090929190722
Croatia,HRV,2004,Merchandise imports from low- and middle-income economies in Latin America & the Caribbean (% of total merchandise imports),TM.VAL.MRCH.R3.ZS,1.2899385378198
Croatia,HRV,2003,Merchandise imports from low- and middle-income economies in Latin America & the Caribbean (% of total merchandise imports),TM.VAL.MRCH.R3.ZS,1.22666183084382
Croatia,HRV,2002,Merchandise imports from low- and middle-income economies in Latin America & the Caribbean (% of total merchandise imports),TM.VAL.MRCH.R3.ZS,1.3956979694738
Croatia,HRV,2001,Merchandise imports from low- and middle-income economies in Latin America & the Caribbean (% of total merchandise imports),TM.VAL.MRCH.R3.ZS,1.28814918791493
Croatia,HRV,2000,Merchandise imports from low- and middle-income economies in Latin America & the Caribbean (% of total merchandise imports),TM.VAL.MRCH.R3.ZS,1.16328462086831
Croatia,HRV,1999,Merchandise imports from low- and middle-income economies in Latin America & the Caribbean (% of total merchandise imports),TM.VAL.MRCH.R3.ZS,1.26277343901776
Croatia,HRV,1998,Merchandise imports from low- and middle-income economies in Latin America & the Caribbean (% of total merchandise imports),TM.VAL.MRCH.R3.ZS,1.62867651215392
Croatia,HRV,1997,Merchandise imports from low- and middle-income economies in Latin America & the Caribbean (% of total merchandise imports),TM.VAL.MRCH.R3.ZS,1.65511167830195
Croatia,HRV,1996,Merchandise imports from low- and middle-income economies in Latin America & the Caribbean (% of total merchandise imports),TM.VAL.MRCH.R3.ZS,1.66708983020236
Croatia,HRV,1995,Merchandise imports from low- and middle-income economies in Latin America & the Caribbean (% of total merchandise imports),TM.VAL.MRCH.R3.ZS,1.85583013253042
Croatia,HRV,1994,Merchandise imports from low- and middle-income economies in Latin America & the Caribbean (% of total merchandise imports),TM.VAL.MRCH.R3.ZS,1.5260170998455
Croatia,HRV,2023,Merchandise imports from low- and middle-income economies in Middle East & North Africa (% of total merchandise imports),TM.VAL.MRCH.R4.ZS,0.220349668247575
Croatia,HRV,2022,Merchandise imports from low- and middle-income economies in Middle East & North Africa (% of total merchandise imports),TM.VAL.MRCH.R4.ZS,1.08489225654967
Croatia,HRV,2021,Merchandise imports from low- and middle-income economies in Middle East & North Africa (% of total merchandise imports),TM.VAL.MRCH.R4.ZS,1.58314787840693
Croatia,HRV,2020,Merchandise imports from low- and middle-income economies in Middle East & North Africa (% of total merchandise imports),TM.VAL.MRCH.R4.ZS,1.02060278558181
Croatia,HRV,2019,Merchandise imports from low- and middle-income economies in Middle East & North Africa (% of total merchandise imports),TM.VAL.MRCH.R4.ZS,1.26938961695941
Croatia,HRV,2018,Merchandise imports from low- and middle-income economies in Middle East & North Africa (% of total merchandise imports),TM.VAL.MRCH.R4.ZS,2.35196342034676
Croatia,HRV,2017,Merchandise imports from low- and middle-income economies in Middle East & North Africa (% of total merchandise imports),TM.VAL.MRCH.R4.ZS,1.98980329671288
Croatia,HRV,2016,Merchandise imports from low- and middle-income economies in Middle East & North Africa (% of total merchandise imports),TM.VAL.MRCH.R4.ZS,1.53721803250948
Croatia,HRV,2015,Merchandise imports from low- and middle-income economies in Middle East & North Africa (% of total merchandise imports),TM.VAL.MRCH.R4.ZS,1.05815748070893
Croatia,HRV,2014,Merchandise imports from low- and middle-income economies in Middle East & North Africa (% of total merchandise imports),TM.VAL.MRCH.R4.ZS,0.653945590377498
Croatia,HRV,2013,Merchandise imports from low- and middle-income economies in Middle East & North Africa (% of total merchandise imports),TM.VAL.MRCH.R4.ZS,0.588766319475155
Croatia,HRV,2012,Merchandise imports from low- and middle-income economies in Middle East & North Africa (% of total merchandise imports),TM.VAL.MRCH.R4.ZS,0.380588841129063
Croatia,HRV,2011,Merchandise imports from low- and middle-income economies in Middle East & North Africa (% of total merchandise imports),TM.VAL.MRCH.R4.ZS,0.559328661076968
Croatia,HRV,2010,Merchandise imports from low- and middle-income economies in Middle East & North Africa (% of total merchandise imports),TM.VAL.MRCH.R4.ZS,0.589193065913421
Croatia,HRV,2009,Merchandise imports from low- and middle-income economies in Middle East & North Africa (% of total merchandise imports),TM.VAL.MRCH.R4.ZS,0.350551931142677
Croatia,HRV,2008,Merchandise imports from low- and middle-income economies in Middle East & North Africa (% of total merchandise imports),TM.VAL.MRCH.R4.ZS,0.766736195565789
Croatia,HRV,2007,Merchandise imports from low- and middle-income economies in Middle East & North Africa (% of total merchandise imports),TM.VAL.MRCH.R4.ZS,0.556924776008168
Croatia,HRV,2006,Merchandise imports from low- and middle-income economies in Middle East & North Africa (% of total merchandise imports),TM.VAL.MRCH.R4.ZS,0.342482625159429
Croatia,HRV,2005,Merchandise imports from low- and middle-income economies in Middle East & North Africa (% of total merchandise imports),TM.VAL.MRCH.R4.ZS,1.16423770544363
Croatia,HRV,2004,Merchandise imports from low- and middle-income economies in Middle East & North Africa (% of total merchandise imports),TM.VAL.MRCH.R4.ZS,1.43236327027711
Croatia,HRV,2003,Merchandise imports from low- and middle-income economies in Middle East & North Africa (% of total merchandise imports),TM.VAL.MRCH.R4.ZS,3.15546162570561
Croatia,HRV,2002,Merchandise imports from low- and middle-income economies in Middle East & North Africa (% of total merchandise imports),TM.VAL.MRCH.R4.ZS,3.03253011336781
Croatia,HRV,2001,Merchandise imports from low- and middle-income economies in Middle East & North Africa (% of total merchandise imports),TM.VAL.MRCH.R4.ZS,3.79981359507346
Croatia,HRV,2000,Merchandise imports from low- and middle-income economies in Middle East & North Africa (% of total merchandise imports),TM.VAL.MRCH.R4.ZS,3.86435974457534
Croatia,HRV,1999,Merchandise imports from low- and middle-income economies in Middle East & North Africa (% of total merchandise imports),TM.VAL.MRCH.R4.ZS,1.35053116873199
Croatia,HRV,1998,Merchandise imports from low- and middle-income economies in Middle East & North Africa (% of total merchandise imports),TM.VAL.MRCH.R4.ZS,2.19925072394637
Croatia,HRV,1997,Merchandise imports from low- and middle-income economies in Middle East & North Africa (% of total merchandise imports),TM.VAL.MRCH.R4.ZS,4.00769629171287
Croatia,HRV,1996,Merchandise imports from low- and middle-income economies in Middle East & North Africa (% of total merchandise imports),TM.VAL.MRCH.R4.ZS,7.01557154561136
Croatia,HRV,1995,Merchandise imports from low- and middle-income economies in Middle East & North Africa (% of total merchandise imports),TM.VAL.MRCH.R4.ZS,4.91201357171876
Croatia,HRV,1994,Merchandise imports from low- and middle-income economies in Middle East & North Africa (% of total merchandise imports),TM.VAL.MRCH.R4.ZS,7.69146636634024
Croatia,HRV,2023,Merchandise imports from low- and middle-income economies in South Asia (% of total merchandise imports),TM.VAL.MRCH.R5.ZS,0.840955804780432
Croatia,HRV,2022,Merchandise imports from low- and middle-income economies in South Asia (% of total merchandise imports),TM.VAL.MRCH.R5.ZS,0.505332268934376
Croatia,HRV,2021,Merchandise imports from low- and middle-income economies in South Asia (% of total merchandise imports),TM.VAL.MRCH.R5.ZS,0.465010340480382
Croatia,HRV,2020,Merchandise imports from low- and middle-income economies in South Asia (% of total merchandise imports),TM.VAL.MRCH.R5.ZS,0.589672695210088
Croatia,HRV,2019,Merchandise imports from low- and middle-income economies in South Asia (% of total merchandise imports),TM.VAL.MRCH.R5.ZS,0.555175577739865
Croatia,HRV,2018,Merchandise imports from low- and middle-income economies in South Asia (% of total merchandise imports),TM.VAL.MRCH.R5.ZS,0.647339354919424
Croatia,HRV,2017,Merchandise imports from low- and middle-income economies in South Asia (% of total merchandise imports),TM.VAL.MRCH.R5.ZS,0.705006239223337
Croatia,HRV,2016,Merchandise imports from low- and middle-income economies in South Asia (% of total merchandise imports),TM.VAL.MRCH.R5.ZS,0.643330833565392
Croatia,HRV,2015,Merchandise imports from low- and middle-income economies in South Asia (% of total merchandise imports),TM.VAL.MRCH.R5.ZS,0.784110994027557
Croatia,HRV,2014,Merchandise imports from low- and middle-income economies in South Asia (% of total merchandise imports),TM.VAL.MRCH.R5.ZS,0.644462503423612
Croatia,HRV,2013,Merchandise imports from low- and middle-income economies in South Asia (% of total merchandise imports),TM.VAL.MRCH.R5.ZS,0.949703570636532
Croatia,HRV,2012,Merchandise imports from low- and middle-income economies in South Asia (% of total merchandise imports),TM.VAL.MRCH.R5.ZS,1.22516571775245
Croatia,HRV,2011,Merchandise imports from low- and middle-income economies in South Asia (% of total merchandise imports),TM.VAL.MRCH.R5.ZS,1.23542961294957
Croatia,HRV,2010,Merchandise imports from low- and middle-income economies in South Asia (% of total merchandise imports),TM.VAL.MRCH.R5.ZS,0.931991028547253
Croatia,HRV,2009,Merchandise imports from low- and middle-income economies in South Asia (% of total merchandise imports),TM.VAL.MRCH.R5.ZS,0.867328895266493
Croatia,HRV,2008,Merchandise imports from low- and middle-income economies in South Asia (% of total merchandise imports),TM.VAL.MRCH.R5.ZS,0.646398087260269
Croatia,HRV,2007,Merchandise imports from low- and middle-income economies in South Asia (% of total merchandise imports),TM.VAL.MRCH.R5.ZS,0.606067489115816
Croatia,HRV,2006,Merchandise imports from low- and middle-income economies in South Asia (% of total merchandise imports),TM.VAL.MRCH.R5.ZS,0.529470794260586
Croatia,HRV,2005,Merchandise imports from low- and middle-income economies in South Asia (% of total merchandise imports),TM.VAL.MRCH.R5.ZS,0.444444169938565
Croatia,HRV,2004,Merchandise imports from low- and middle-income economies in South Asia (% of total merchandise imports),TM.VAL.MRCH.R5.ZS,0.414425039744687
Croatia,HRV,2003,Merchandise imports from low- and middle-income economies in South Asia (% of total merchandise imports),TM.VAL.MRCH.R5.ZS,0.407949439740231
Croatia,HRV,2002,Merchandise imports from low- and middle-income economies in South Asia (% of total merchandise imports),TM.VAL.MRCH.R5.ZS,0.355759608847988
Croatia,HRV,2001,Merchandise imports from low- and middle-income economies in South Asia (% of total merchandise imports),TM.VAL.MRCH.R5.ZS,0.296026844378191
Croatia,HRV,2000,Merchandise imports from low- and middle-income economies in South Asia (% of total merchandise imports),TM.VAL.MRCH.R5.ZS,0.316914751003192
Croatia,HRV,1999,Merchandise imports from low- and middle-income economies in South Asia (% of total merchandise imports),TM.VAL.MRCH.R5.ZS,0.299314149895562
Croatia,HRV,1998,Merchandise imports from low- and middle-income economies in South Asia (% of total merchandise imports),TM.VAL.MRCH.R5.ZS,0.31593355660811
Croatia,HRV,1997,Merchandise imports from low- and middle-income economies in South Asia (% of total merchandise imports),TM.VAL.MRCH.R5.ZS,0.304535170702999
Croatia,HRV,1996,Merchandise imports from low- and middle-income economies in South Asia (% of total merchandise imports),TM.VAL.MRCH.R5.ZS,0.332946814887329
Croatia,HRV,1995,Merchandise imports from low- and middle-income economies in South Asia (% of total merchandise imports),TM.VAL.MRCH.R5.ZS,0.352861992786993
Croatia,HRV,1994,Merchandise imports from low- and middle-income economies in South Asia (% of total merchandise imports),TM.VAL.MRCH.R5.ZS,0.341000492564916
Croatia,HRV,2023,Merchandise imports from low- and middle-income economies in Sub-Saharan Africa (% of total merchandise imports),TM.VAL.MRCH.R6.ZS,0.942846651384182
Croatia,HRV,2022,Merchandise imports from low- and middle-income economies in Sub-Saharan Africa (% of total merchandise imports),TM.VAL.MRCH.R6.ZS,0.127932401053345
Croatia,HRV,2021,Merchandise imports from low- and middle-income economies in Sub-Saharan Africa (% of total merchandise imports),TM.VAL.MRCH.R6.ZS,0.528869217182325
Croatia,HRV,2020,Merchandise imports from low- and middle-income economies in Sub-Saharan Africa (% of total merchandise imports),TM.VAL.MRCH.R6.ZS,0.153094041498448
Croatia,HRV,2019,Merchandise imports from low- and middle-income economies in Sub-Saharan Africa (% of total merchandise imports),TM.VAL.MRCH.R6.ZS,0.424571085181282
Croatia,HRV,2018,Merchandise imports from low- and middle-income economies in Sub-Saharan Africa (% of total merchandise imports),TM.VAL.MRCH.R6.ZS,0.0907020901599805
Croatia,HRV,2017,Merchandise imports from low- and middle-income economies in Sub-Saharan Africa (% of total merchandise imports),TM.VAL.MRCH.R6.ZS,0.0683959785211935
Croatia,HRV,2016,Merchandise imports from low- and middle-income economies in Sub-Saharan Africa (% of total merchandise imports),TM.VAL.MRCH.R6.ZS,0.108298590383759
Croatia,HRV,2015,Merchandise imports from low- and middle-income economies in Sub-Saharan Africa (% of total merchandise imports),TM.VAL.MRCH.R6.ZS,0.323562384747881
Croatia,HRV,2014,Merchandise imports from low- and middle-income economies in Sub-Saharan Africa (% of total merchandise imports),TM.VAL.MRCH.R6.ZS,0.614489615059866
Croatia,HRV,2013,Merchandise imports from low- and middle-income economies in Sub-Saharan Africa (% of total merchandise imports),TM.VAL.MRCH.R6.ZS,0.371486700536125
Croatia,HRV,2012,Merchandise imports from low- and middle-income economies in Sub-Saharan Africa (% of total merchandise imports),TM.VAL.MRCH.R6.ZS,0.599359390070204
Croatia,HRV,2011,Merchandise imports from low- and middle-income economies in Sub-Saharan Africa (% of total merchandise imports),TM.VAL.MRCH.R6.ZS,0.15122525176247
Croatia,HRV,2010,Merchandise imports from low- and middle-income economies in Sub-Saharan Africa (% of total merchandise imports),TM.VAL.MRCH.R6.ZS,0.233695585894238
Croatia,HRV,2009,Merchandise imports from low- and middle-income economies in Sub-Saharan Africa (% of total merchandise imports),TM.VAL.MRCH.R6.ZS,0.264865137530345
Croatia,HRV,2008,Merchandise imports from low- and middle-income economies in Sub-Saharan Africa (% of total merchandise imports),TM.VAL.MRCH.R6.ZS,0.188323619400831
Croatia,HRV,2007,Merchandise imports from low- and middle-income economies in Sub-Saharan Africa (% of total merchandise imports),TM.VAL.MRCH.R6.ZS,0.19854443043483
Croatia,HRV,2006,Merchandise imports from low- and middle-income economies in Sub-Saharan Africa (% of total merchandise imports),TM.VAL.MRCH.R6.ZS,0.22692203778513
Croatia,HRV,2005,Merchandise imports from low- and middle-income economies in Sub-Saharan Africa (% of total merchandise imports),TM.VAL.MRCH.R6.ZS,0.37487364575976
Croatia,HRV,2004,Merchandise imports from low- and middle-income economies in Sub-Saharan Africa (% of total merchandise imports),TM.VAL.MRCH.R6.ZS,0.268843004790472
Croatia,HRV,2003,Merchandise imports from low- and middle-income economies in Sub-Saharan Africa (% of total merchandise imports),TM.VAL.MRCH.R6.ZS,0.32093086661011
Croatia,HRV,2002,Merchandise imports from low- and middle-income economies in Sub-Saharan Africa (% of total merchandise imports),TM.VAL.MRCH.R6.ZS,0.405372067214172
Croatia,HRV,2001,Merchandise imports from low- and middle-income economies in Sub-Saharan Africa (% of total merchandise imports),TM.VAL.MRCH.R6.ZS,0.505599143890053
Croatia,HRV,2000,Merchandise imports from low- and middle-income economies in Sub-Saharan Africa (% of total merchandise imports),TM.VAL.MRCH.R6.ZS,1.0207543574731
Croatia,HRV,1999,Merchandise imports from low- and middle-income economies in Sub-Saharan Africa (% of total merchandise imports),TM.VAL.MRCH.R6.ZS,0.279752884951626
Croatia,HRV,1998,Merchandise imports from low- and middle-income economies in Sub-Saharan Africa (% of total merchandise imports),TM.VAL.MRCH.R6.ZS,0.808221761947406
Croatia,HRV,1997,Merchandise imports from low- and middle-income economies in Sub-Saharan Africa (% of total merchandise imports),TM.VAL.MRCH.R6.ZS,0.258149018874066
Croatia,HRV,1996,Merchandise imports from low- and middle-income economies in Sub-Saharan Africa (% of total merchandise imports),TM.VAL.MRCH.R6.ZS,0.224451174344249
Croatia,HRV,1995,Merchandise imports from low- and middle-income economies in Sub-Saharan Africa (% of total merchandise imports),TM.VAL.MRCH.R6.ZS,0.403284323600332
Croatia,HRV,1994,Merchandise imports from low- and middle-income economies in Sub-Saharan Africa (% of total merchandise imports),TM.VAL.MRCH.R6.ZS,0.391521967208138
Croatia,HRV,2023,"Merchandise imports by the reporting economy, residual (% of total merchandise imports)",TM.VAL.MRCH.RS.ZS,0.000578777468880499
Croatia,HRV,2022,"Merchandise imports by the reporting economy, residual (% of total merchandise imports)",TM.VAL.MRCH.RS.ZS,0.000165809533364524
Croatia,HRV,2021,"Merchandise imports by the reporting economy, residual (% of total merchandise imports)",TM.VAL.MRCH.RS.ZS,0.00179390487037425
Croatia,HRV,2020,"Merchandise imports by the reporting economy, residual (% of total merchandise imports)",TM.VAL.MRCH.RS.ZS,0.00171029417617767
Croatia,HRV,2019,"Merchandise imports by the reporting economy, residual (% of total merchandise imports)",TM.VAL.MRCH.RS.ZS,0.00141700938641304
Croatia,HRV,2018,"Merchandise imports by the reporting economy, residual (% of total merchandise imports)",TM.VAL.MRCH.RS.ZS,0.000751564379480649
Croatia,HRV,2017,"Merchandise imports by the reporting economy, residual (% of total merchandise imports)",TM.VAL.MRCH.RS.ZS,0.0201427867838737
Croatia,HRV,2016,"Merchandise imports by the reporting economy, residual (% of total merchandise imports)",TM.VAL.MRCH.RS.ZS,0.00772558691710474
Croatia,HRV,2015,"Merchandise imports by the reporting economy, residual (% of total merchandise imports)",TM.VAL.MRCH.RS.ZS,6.40409151001006e-05
Croatia,HRV,2014,"Merchandise imports by the reporting economy, residual (% of total merchandise imports)",TM.VAL.MRCH.RS.ZS,7.99847706296663e-05
Croatia,HRV,2013,"Merchandise imports by the reporting economy, residual (% of total merchandise imports)",TM.VAL.MRCH.RS.ZS,0.0012699898113363
Croatia,HRV,2012,"Merchandise imports by the reporting economy, residual (% of total merchandise imports)",TM.VAL.MRCH.RS.ZS,0.0182654447721882
Croatia,HRV,2011,"Merchandise imports by the reporting economy, residual (% of total merchandise imports)",TM.VAL.MRCH.RS.ZS,0.00242161134946116
Croatia,HRV,2010,"Merchandise imports by the reporting economy, residual (% of total merchandise imports)",TM.VAL.MRCH.RS.ZS,0.00540647363399176
Croatia,HRV,2009,"Merchandise imports by the reporting economy, residual (% of total merchandise imports)",TM.VAL.MRCH.RS.ZS,0.000297600228657511
Croatia,HRV,2008,"Merchandise imports by the reporting economy, residual (% of total merchandise imports)",TM.VAL.MRCH.RS.ZS,0.00176035254509143
Croatia,HRV,2007,"Merchandise imports by the reporting economy, residual (% of total merchandise imports)",TM.VAL.MRCH.RS.ZS,0.0269268826894027
Croatia,HRV,2006,"Merchandise imports by the reporting economy, residual (% of total merchandise imports)",TM.VAL.MRCH.RS.ZS,0.0657403384885689
Croatia,HRV,2005,"Merchandise imports by the reporting economy, residual (% of total merchandise imports)",TM.VAL.MRCH.RS.ZS,0.0331720441543324
Croatia,HRV,2004,"Merchandise imports by the reporting economy, residual (% of total merchandise imports)",TM.VAL.MRCH.RS.ZS,0.00580084465977835
Croatia,HRV,2003,"Merchandise imports by the reporting economy, residual (% of total merchandise imports)",TM.VAL.MRCH.RS.ZS,0.00424395959835726
Croatia,HRV,2002,"Merchandise imports by the reporting economy, residual (% of total merchandise imports)",TM.VAL.MRCH.RS.ZS,0.0149855003960991
Croatia,HRV,2001,"Merchandise imports by the reporting economy, residual (% of total merchandise imports)",TM.VAL.MRCH.RS.ZS,0.0357172862951476
Croatia,HRV,2000,"Merchandise imports by the reporting economy, residual (% of total merchandise imports)",TM.VAL.MRCH.RS.ZS,0.100473399870727
Croatia,HRV,1999,"Merchandise imports by the reporting economy, residual (% of total merchandise imports)",TM.VAL.MRCH.RS.ZS,0.00750295093739993
Croatia,HRV,1998,"Merchandise imports by the reporting economy, residual (% of total merchandise imports)",TM.VAL.MRCH.RS.ZS,0.0632123033472687
Croatia,HRV,1997,"Merchandise imports by the reporting economy, residual (% of total merchandise imports)",TM.VAL.MRCH.RS.ZS,0.0415682664940445
Croatia,HRV,1996,"Merchandise imports by the reporting economy, residual (% of total merchandise imports)",TM.VAL.MRCH.RS.ZS,0.00274838172666428
Croatia,HRV,1995,"Merchandise imports by the reporting economy, residual (% of total merchandise imports)",TM.VAL.MRCH.RS.ZS,0.0377022131522513
Croatia,HRV,1994,"Merchandise imports by the reporting economy, residual (% of total merchandise imports)",TM.VAL.MRCH.RS.ZS,0.009205183939231
Croatia,HRV,1993,"Merchandise imports by the reporting economy, residual (% of total merchandise imports)",TM.VAL.MRCH.RS.ZS,0
Croatia,HRV,2023,Merchandise imports by the reporting economy (current US$),TM.VAL.MRCH.WL.CD,43245290886
Croatia,HRV,2022,Merchandise imports by the reporting economy (current US$),TM.VAL.MRCH.WL.CD,44398532766
Croatia,HRV,2021,Merchandise imports by the reporting economy (current US$),TM.VAL.MRCH.WL.CD,34399538693
Croatia,HRV,2020,Merchandise imports by the reporting economy (current US$),TM.VAL.MRCH.WL.CD,26793343881
Croatia,HRV,2019,Merchandise imports by the reporting economy (current US$),TM.VAL.MRCH.WL.CD,28071726540
Croatia,HRV,2018,Merchandise imports by the reporting economy (current US$),TM.VAL.MRCH.WL.CD,28137043981
Croatia,HRV,2017,Merchandise imports by the reporting economy (current US$),TM.VAL.MRCH.WL.CD,24569663836
Croatia,HRV,2016,Merchandise imports by the reporting economy (current US$),TM.VAL.MRCH.WL.CD,21697820735
Croatia,HRV,2015,Merchandise imports by the reporting economy (current US$),TM.VAL.MRCH.WL.CD,20316699066
Croatia,HRV,2014,Merchandise imports by the reporting economy (current US$),TM.VAL.MRCH.WL.CD,22518036694
Croatia,HRV,2013,Merchandise imports by the reporting economy (current US$),TM.VAL.MRCH.WL.CD,21858600559
Croatia,HRV,2012,Merchandise imports by the reporting economy (current US$),TM.VAL.MRCH.WL.CD,20821945742
Croatia,HRV,2011,Merchandise imports by the reporting economy (current US$),TM.VAL.MRCH.WL.CD,22690139775
Croatia,HRV,2010,Merchandise imports by the reporting economy (current US$),TM.VAL.MRCH.WL.CD,20031060416
Croatia,HRV,2009,Merchandise imports by the reporting economy (current US$),TM.VAL.MRCH.WL.CD,21198572422
Croatia,HRV,2008,Merchandise imports by the reporting economy (current US$),TM.VAL.MRCH.WL.CD,30701179801
Croatia,HRV,2007,Merchandise imports by the reporting economy (current US$),TM.VAL.MRCH.WL.CD,25837539682
Croatia,HRV,2006,Merchandise imports by the reporting economy (current US$),TM.VAL.MRCH.WL.CD,21257487140
Croatia,HRV,2005,Merchandise imports by the reporting economy (current US$),TM.VAL.MRCH.WL.CD,18373215023
Croatia,HRV,2004,Merchandise imports by the reporting economy (current US$),TM.VAL.MRCH.WL.CD,16448914873
Croatia,HRV,2003,Merchandise imports by the reporting economy (current US$),TM.VAL.MRCH.WL.CD,14139696340
Croatia,HRV,2002,Merchandise imports by the reporting economy (current US$),TM.VAL.MRCH.WL.CD,10675699561
Croatia,HRV,2001,Merchandise imports by the reporting economy (current US$),TM.VAL.MRCH.WL.CD,9106867675
Croatia,HRV,2000,Merchandise imports by the reporting economy (current US$),TM.VAL.MRCH.WL.CD,7843176413
Croatia,HRV,1999,Merchandise imports by the reporting economy (current US$),TM.VAL.MRCH.WL.CD,7463730000
Croatia,HRV,1998,Merchandise imports by the reporting economy (current US$),TM.VAL.MRCH.WL.CD,7814934337.8
Croatia,HRV,1997,Merchandise imports by the reporting economy (current US$),TM.VAL.MRCH.WL.CD,8925077500
Croatia,HRV,1996,Merchandise imports by the reporting economy (current US$),TM.VAL.MRCH.WL.CD,7640860000
Croatia,HRV,1995,Merchandise imports by the reporting economy (current US$),TM.VAL.MRCH.WL.CD,7421315000
Croatia,HRV,1994,Merchandise imports by the reporting economy (current US$),TM.VAL.MRCH.WL.CD,5138409000
Croatia,HRV,1993,Merchandise imports by the reporting economy (current US$),TM.VAL.MRCH.WL.CD,3686213000
Croatia,HRV,2023,Merchandise imports from low- and middle-income economies within region (% of total merchandise imports),TM.VAL.MRCH.WR.ZS,11.4398097333682
Croatia,HRV,2022,Merchandise imports from low- and middle-income economies within region (% of total merchandise imports),TM.VAL.MRCH.WR.ZS,13.1001704147621
Croatia,HRV,2021,Merchandise imports from low- and middle-income economies within region (% of total merchandise imports),TM.VAL.MRCH.WR.ZS,12.4204828330138
Croatia,HRV,2020,Merchandise imports from low- and middle-income economies within region (% of total merchandise imports),TM.VAL.MRCH.WR.ZS,11.1150966942647
Croatia,HRV,2019,Merchandise imports from low- and middle-income economies within region (% of total merchandise imports),TM.VAL.MRCH.WR.ZS,9.60413046970356
Croatia,HRV,2018,Merchandise imports from low- and middle-income economies within region (% of total merchandise imports),TM.VAL.MRCH.WR.ZS,9.6653628996579
Croatia,HRV,2017,Merchandise imports from low- and middle-income economies within region (% of total merchandise imports),TM.VAL.MRCH.WR.ZS,9.63915287489569
Croatia,HRV,2016,Merchandise imports from low- and middle-income economies within region (% of total merchandise imports),TM.VAL.MRCH.WR.ZS,9.20041795616762
Croatia,HRV,2015,Merchandise imports from low- and middle-income economies within region (% of total merchandise imports),TM.VAL.MRCH.WR.ZS,9.03344981897858
Croatia,HRV,2014,Merchandise imports from low- and middle-income economies within region (% of total merchandise imports),TM.VAL.MRCH.WR.ZS,8.62530745638903
Croatia,HRV,2013,Merchandise imports from low- and middle-income economies within region (% of total merchandise imports),TM.VAL.MRCH.WR.ZS,11.0641989887327
Croatia,HRV,2012,Merchandise imports from low- and middle-income economies within region (% of total merchandise imports),TM.VAL.MRCH.WR.ZS,9.93066214186276
Croatia,HRV,2011,Merchandise imports from low- and middle-income economies within region (% of total merchandise imports),TM.VAL.MRCH.WR.ZS,11.4542207838823
Croatia,HRV,2010,Merchandise imports from low- and middle-income economies within region (% of total merchandise imports),TM.VAL.MRCH.WR.ZS,10.9155463095379
Croatia,HRV,2009,Merchandise imports from low- and middle-income economies within region (% of total merchandise imports),TM.VAL.MRCH.WR.ZS,8.12008323831081
Croatia,HRV,2008,Merchandise imports from low- and middle-income economies within region (% of total merchandise imports),TM.VAL.MRCH.WR.ZS,7.39313933768131
Croatia,HRV,2007,Merchandise imports from low- and middle-income economies within region (% of total merchandise imports),TM.VAL.MRCH.WR.ZS,7.39461614191939
Croatia,HRV,2006,Merchandise imports from low- and middle-income economies within region (% of total merchandise imports),TM.VAL.MRCH.WR.ZS,5.73812694307009
Croatia,HRV,2005,Merchandise imports from low- and middle-income economies within region (% of total merchandise imports),TM.VAL.MRCH.WR.ZS,5.25616630399787
Croatia,HRV,2004,Merchandise imports from low- and middle-income economies within region (% of total merchandise imports),TM.VAL.MRCH.WR.ZS,4.46663187616096
Croatia,HRV,2003,Merchandise imports from low- and middle-income economies within region (% of total merchandise imports),TM.VAL.MRCH.WR.ZS,3.51943258210027
Croatia,HRV,2002,Merchandise imports from low- and middle-income economies within region (% of total merchandise imports),TM.VAL.MRCH.WR.ZS,3.25977324494323
Croatia,HRV,2001,Merchandise imports from low- and middle-income economies within region (% of total merchandise imports),TM.VAL.MRCH.WR.ZS,3.07395134079402
Croatia,HRV,2000,Merchandise imports from low- and middle-income economies within region (% of total merchandise imports),TM.VAL.MRCH.WR.ZS,2.74405309363274
Croatia,HRV,1999,Merchandise imports from low- and middle-income economies within region (% of total merchandise imports),TM.VAL.MRCH.WR.ZS,3.21514845794261
Croatia,HRV,1998,Merchandise imports from low- and middle-income economies within region (% of total merchandise imports),TM.VAL.MRCH.WR.ZS,3.55409256168095
Croatia,HRV,1997,Merchandise imports from low- and middle-income economies within region (% of total merchandise imports),TM.VAL.MRCH.WR.ZS,2.72412200342238
Croatia,HRV,1996,Merchandise imports from low- and middle-income economies within region (% of total merchandise imports),TM.VAL.MRCH.WR.ZS,2.06141717031852
Croatia,HRV,1995,Merchandise imports from low- and middle-income economies within region (% of total merchandise imports),TM.VAL.MRCH.WR.ZS,1.89645635578061
Croatia,HRV,1994,Merchandise imports from low- and middle-income economies within region (% of total merchandise imports),TM.VAL.MRCH.WR.ZS,2.29584682729615
Croatia,HRV,1993,Merchandise imports from low- and middle-income economies within region (% of total merchandise imports),TM.VAL.MRCH.WR.ZS,1.84815690249044
Croatia,HRV,2023,Import value index (2015 = 100),TM.VAL.MRCH.XD.WD,210.3
Croatia,HRV,2022,Import value index (2015 = 100),TM.VAL.MRCH.XD.WD,216.9
Croatia,HRV,2021,Import value index (2015 = 100),TM.VAL.MRCH.XD.WD,167.8
Croatia,HRV,2020,Import value index (2015 = 100),TM.VAL.MRCH.XD.WD,130.4
Croatia,HRV,2019,Import value index (2015 = 100),TM.VAL.MRCH.XD.WD,136.9
Croatia,HRV,2018,Import value index (2015 = 100),TM.VAL.MRCH.XD.WD,137.1
Croatia,HRV,2017,Import value index (2015 = 100),TM.VAL.MRCH.XD.WD,120.7
Croatia,HRV,2016,Import value index (2015 = 100),TM.VAL.MRCH.XD.WD,106.5
Croatia,HRV,2015,Import value index (2015 = 100),TM.VAL.MRCH.XD.WD,100
Croatia,HRV,2014,Import value index (2015 = 100),TM.VAL.MRCH.XD.WD,110.9
Croatia,HRV,2013,Import value index (2015 = 100),TM.VAL.MRCH.XD.WD,107
Croatia,HRV,2012,Import value index (2015 = 100),TM.VAL.MRCH.XD.WD,101.3
Croatia,HRV,2011,Import value index (2015 = 100),TM.VAL.MRCH.XD.WD,110.2
Croatia,HRV,2010,Import value index (2015 = 100),TM.VAL.MRCH.XD.WD,97.6
Croatia,HRV,2009,Import value index (2015 = 100),TM.VAL.MRCH.XD.WD,103.1
Croatia,HRV,2008,Import value index (2015 = 100),TM.VAL.MRCH.XD.WD,149.4
Croatia,HRV,2007,Import value index (2015 = 100),TM.VAL.MRCH.XD.WD,125.6
Croatia,HRV,2006,Import value index (2015 = 100),TM.VAL.MRCH.XD.WD,104.5
Croatia,HRV,2005,Import value index (2015 = 100),TM.VAL.MRCH.XD.WD,90.2
Croatia,HRV,2004,Import value index (2015 = 100),TM.VAL.MRCH.XD.WD,80.6442037474
Croatia,HRV,2003,Import value index (2015 = 100),TM.VAL.MRCH.XD.WD,69.0734629366
Croatia,HRV,2002,Import value index (2015 = 100),TM.VAL.MRCH.XD.WD,52.1222935826
Croatia,HRV,2001,Import value index (2015 = 100),TM.VAL.MRCH.XD.WD,44.4658290872
Croatia,HRV,2000,Import value index (2015 = 100),TM.VAL.MRCH.XD.WD,38.3382754648
Croatia,HRV,1999,Import value index (2015 = 100),TM.VAL.MRCH.XD.WD,37.9111176647
Croatia,HRV,1998,Import value index (2015 = 100),TM.VAL.MRCH.XD.WD,40.2296409563
Croatia,HRV,1997,Import value index (2015 = 100),TM.VAL.MRCH.XD.WD,44.2445936981
Croatia,HRV,1996,Import value index (2015 = 100),TM.VAL.MRCH.XD.WD,37.8391225929
Croatia,HRV,1995,Import value index (2015 = 100),TM.VAL.MRCH.XD.WD,35.7375081585
Croatia,HRV,2024,"Computer, communications and other services (% of commercial service imports)",TM.VAL.OTHR.ZS.WT,48.9540407507435
Croatia,HRV,2023,"Computer, communications and other services (% of commercial service imports)",TM.VAL.OTHR.ZS.WT,53.9628794540274
Croatia,HRV,2022,"Computer, communications and other services (% of commercial service imports)",TM.VAL.OTHR.ZS.WT,53.5792175114062
Croatia,HRV,2021,"Computer, communications and other services (% of commercial service imports)",TM.VAL.OTHR.ZS.WT,55.3242211734539
Croatia,HRV,2020,"Computer, communications and other services (% of commercial service imports)",TM.VAL.OTHR.ZS.WT,56.6112090440796
Croatia,HRV,2019,"Computer, communications and other services (% of commercial service imports)",TM.VAL.OTHR.ZS.WT,45.2136133586939
Croatia,HRV,2018,"Computer, communications and other services (% of commercial service imports)",TM.VAL.OTHR.ZS.WT,45.4029674398408
Croatia,HRV,2017,"Computer, communications and other services (% of commercial service imports)",TM.VAL.OTHR.ZS.WT,44.9314637685205
Croatia,HRV,2016,"Computer, communications and other services (% of commercial service imports)",TM.VAL.OTHR.ZS.WT,47.9055416881733
Croatia,HRV,2015,"Computer, communications and other services (% of commercial service imports)",TM.VAL.OTHR.ZS.WT,51.5613938510779
Croatia,HRV,2014,"Computer, communications and other services (% of commercial service imports)",TM.VAL.OTHR.ZS.WT,48.5429050341239
Croatia,HRV,2013,"Computer, communications and other services (% of commercial service imports)",TM.VAL.OTHR.ZS.WT,46.1091210883238
Croatia,HRV,2012,"Computer, communications and other services (% of commercial service imports)",TM.VAL.OTHR.ZS.WT,45.6902300422341
Croatia,HRV,2011,"Computer, communications and other services (% of commercial service imports)",TM.VAL.OTHR.ZS.WT,47.1006256772703
Croatia,HRV,2010,"Computer, communications and other services (% of commercial service imports)",TM.VAL.OTHR.ZS.WT,48.6382177682355
Croatia,HRV,2009,"Computer, communications and other services (% of commercial service imports)",TM.VAL.OTHR.ZS.WT,47.4769058367057
Croatia,HRV,2008,"Computer, communications and other services (% of commercial service imports)",TM.VAL.OTHR.ZS.WT,49.7240386994018
Croatia,HRV,2007,"Computer, communications and other services (% of commercial service imports)",TM.VAL.OTHR.ZS.WT,52.2850204862549
Croatia,HRV,2006,"Computer, communications and other services (% of commercial service imports)",TM.VAL.OTHR.ZS.WT,55.7641824838549
Croatia,HRV,2005,"Computer, communications and other services (% of commercial service imports)",TM.VAL.OTHR.ZS.WT,56.8005583583057
Croatia,HRV,2004,"Computer, communications and other services (% of commercial service imports)",TM.VAL.OTHR.ZS.WT,57.0518309053181
Croatia,HRV,2003,"Computer, communications and other services (% of commercial service imports)",TM.VAL.OTHR.ZS.WT,56.4514204820843
Croatia,HRV,2002,"Computer, communications and other services (% of commercial service imports)",TM.VAL.OTHR.ZS.WT,45.1567167865523
Croatia,HRV,2001,"Computer, communications and other services (% of commercial service imports)",TM.VAL.OTHR.ZS.WT,44.6132084004557
Croatia,HRV,2000,"Computer, communications and other services (% of commercial service imports)",TM.VAL.OTHR.ZS.WT,45.8056971128694
Croatia,HRV,1999,"Computer, communications and other services (% of commercial service imports)",TM.VAL.OTHR.ZS.WT,41.0006343079279
Croatia,HRV,1998,"Computer, communications and other services (% of commercial service imports)",TM.VAL.OTHR.ZS.WT,44.3235285677891
Croatia,HRV,1997,"Computer, communications and other services (% of commercial service imports)",TM.VAL.OTHR.ZS.WT,48.796768001594
Croatia,HRV,1996,"Computer, communications and other services (% of commercial service imports)",TM.VAL.OTHR.ZS.WT,41.8950361791518
Croatia,HRV,1995,"Computer, communications and other services (% of commercial service imports)",TM.VAL.OTHR.ZS.WT,37.5320040149768
Croatia,HRV,1994,"Computer, communications and other services (% of commercial service imports)",TM.VAL.OTHR.ZS.WT,35.7520512520166
Croatia,HRV,1993,"Computer, communications and other services (% of commercial service imports)",TM.VAL.OTHR.ZS.WT,34.8379295363737
Croatia,HRV,2024,Commercial service imports (current US$),TM.VAL.SERV.CD.WT,8297070065.87318
Croatia,HRV,2023,Commercial service imports (current US$),TM.VAL.SERV.CD.WT,7049923260.88014
Croatia,HRV,2022,Commercial service imports (current US$),TM.VAL.SERV.CD.WT,5867065410.24082
Croatia,HRV,2021,Commercial service imports (current US$),TM.VAL.SERV.CD.WT,5260041303.10247
Croatia,HRV,2020,Commercial service imports (current US$),TM.VAL.SERV.CD.WT,4098731560.2473
Croatia,HRV,2019,Commercial service imports (current US$),TM.VAL.SERV.CD.WT,5654125490.99019
Croatia,HRV,2018,Commercial service imports (current US$),TM.VAL.SERV.CD.WT,5438926555.99816
Croatia,HRV,2017,Commercial service imports (current US$),TM.VAL.SERV.CD.WT,4630745790.75503
Croatia,HRV,2016,Commercial service imports (current US$),TM.VAL.SERV.CD.WT,3900268383.04018
Croatia,HRV,2015,Commercial service imports (current US$),TM.VAL.SERV.CD.WT,3603013959.05355
Croatia,HRV,2014,Commercial service imports (current US$),TM.VAL.SERV.CD.WT,3807143895.78788
Croatia,HRV,2013,Commercial service imports (current US$),TM.VAL.SERV.CD.WT,3986830257.24962
Croatia,HRV,2012,Commercial service imports (current US$),TM.VAL.SERV.CD.WT,3969832276.85622
Croatia,HRV,2011,Commercial service imports (current US$),TM.VAL.SERV.CD.WT,4235288627.73233
Croatia,HRV,2010,Commercial service imports (current US$),TM.VAL.SERV.CD.WT,4055147096.06648
Croatia,HRV,2009,Commercial service imports (current US$),TM.VAL.SERV.CD.WT,4397433685.61066
Croatia,HRV,2008,Commercial service imports (current US$),TM.VAL.SERV.CD.WT,5276254180.5018
Croatia,HRV,2007,Commercial service imports (current US$),TM.VAL.SERV.CD.WT,4182597602.22601
Croatia,HRV,2006,Commercial service imports (current US$),TM.VAL.SERV.CD.WT,3781647179.42022
Croatia,HRV,2005,Commercial service imports (current US$),TM.VAL.SERV.CD.WT,3563330322.15051
Croatia,HRV,2004,Commercial service imports (current US$),TM.VAL.SERV.CD.WT,3702933525.77351
Croatia,HRV,2003,Commercial service imports (current US$),TM.VAL.SERV.CD.WT,3150000224.14936
Croatia,HRV,2002,Commercial service imports (current US$),TM.VAL.SERV.CD.WT,2457486297.00209
Croatia,HRV,2001,Commercial service imports (current US$),TM.VAL.SERV.CD.WT,2033117092.14889
Croatia,HRV,2000,Commercial service imports (current US$),TM.VAL.SERV.CD.WT,1923952312.13763
Croatia,HRV,1999,Commercial service imports (current US$),TM.VAL.SERV.CD.WT,2037222091.08318
Croatia,HRV,1998,Commercial service imports (current US$),TM.VAL.SERV.CD.WT,1876800132.42117
Croatia,HRV,1997,Commercial service imports (current US$),TM.VAL.SERV.CD.WT,1963686378.44969
Croatia,HRV,1996,Commercial service imports (current US$),TM.VAL.SERV.CD.WT,1689617463.58929
Croatia,HRV,1995,Commercial service imports (current US$),TM.VAL.SERV.CD.WT,1373103471.35834
Croatia,HRV,1994,Commercial service imports (current US$),TM.VAL.SERV.CD.WT,1229035774.48641
Croatia,HRV,1993,Commercial service imports (current US$),TM.VAL.SERV.CD.WT,1146053325.53744
Croatia,HRV,2024,Transport services (% of commercial service imports),TM.VAL.TRAN.ZS.WT,14.5969793510406
Croatia,HRV,2023,Transport services (% of commercial service imports),TM.VAL.TRAN.ZS.WT,14.5595412384935
Croatia,HRV,2022,Transport services (% of commercial service imports),TM.VAL.TRAN.ZS.WT,15.9074484683256
Croatia,HRV,2021,Transport services (% of commercial service imports),TM.VAL.TRAN.ZS.WT,15.8436775977109
Croatia,HRV,2020,Transport services (% of commercial service imports),TM.VAL.TRAN.ZS.WT,15.8881557080552
Croatia,HRV,2019,Transport services (% of commercial service imports),TM.VAL.TRAN.ZS.WT,14.0162154950263
Croatia,HRV,2018,Transport services (% of commercial service imports),TM.VAL.TRAN.ZS.WT,14.575242058071
Croatia,HRV,2017,Transport services (% of commercial service imports),TM.VAL.TRAN.ZS.WT,15.9119260194629
Croatia,HRV,2016,Transport services (% of commercial service imports),TM.VAL.TRAN.ZS.WT,16.0884214121214
Croatia,HRV,2015,Transport services (% of commercial service imports),TM.VAL.TRAN.ZS.WT,17.8237985216865
Croatia,HRV,2014,Transport services (% of commercial service imports),TM.VAL.TRAN.ZS.WT,19.8182325392578
Croatia,HRV,2013,Transport services (% of commercial service imports),TM.VAL.TRAN.ZS.WT,22.7797137267818
Croatia,HRV,2012,Transport services (% of commercial service imports),TM.VAL.TRAN.ZS.WT,22.6120352760199
Croatia,HRV,2011,Transport services (% of commercial service imports),TM.VAL.TRAN.ZS.WT,23.0490258620498
Croatia,HRV,2010,Transport services (% of commercial service imports),TM.VAL.TRAN.ZS.WT,22.2819229885394
Croatia,HRV,2009,Transport services (% of commercial service imports),TM.VAL.TRAN.ZS.WT,20.7073882931235
Croatia,HRV,2008,Transport services (% of commercial service imports),TM.VAL.TRAN.ZS.WT,22.5530074375572
Croatia,HRV,2007,Transport services (% of commercial service imports),TM.VAL.TRAN.ZS.WT,17.1390289641126
Croatia,HRV,2006,Transport services (% of commercial service imports),TM.VAL.TRAN.ZS.WT,16.3226780873635
Croatia,HRV,2005,Transport services (% of commercial service imports),TM.VAL.TRAN.ZS.WT,15.3433343742155
Croatia,HRV,2004,Transport services (% of commercial service imports),TM.VAL.TRAN.ZS.WT,14.4165267814052
Croatia,HRV,2003,Transport services (% of commercial service imports),TM.VAL.TRAN.ZS.WT,14.0168001853013
Croatia,HRV,2002,Transport services (% of commercial service imports),TM.VAL.TRAN.ZS.WT,15.3631229010781
Croatia,HRV,2001,Transport services (% of commercial service imports),TM.VAL.TRAN.ZS.WT,18.7977382201484
Croatia,HRV,2000,Transport services (% of commercial service imports),TM.VAL.TRAN.ZS.WT,17.8778649259733
Croatia,HRV,1999,Transport services (% of commercial service imports),TM.VAL.TRAN.ZS.WT,17.7953183974344
Croatia,HRV,1998,Transport services (% of commercial service imports),TM.VAL.TRAN.ZS.WT,17.9149417759817
Croatia,HRV,1997,Transport services (% of commercial service imports),TM.VAL.TRAN.ZS.WT,20.318185252932
Croatia,HRV,1996,Transport services (% of commercial service imports),TM.VAL.TRAN.ZS.WT,23.7056907480309
Croatia,HRV,1995,Transport services (% of commercial service imports),TM.VAL.TRAN.ZS.WT,28.4567557484549
Croatia,HRV,1994,Transport services (% of commercial service imports),TM.VAL.TRAN.ZS.WT,28.4192649873808
Croatia,HRV,1993,Transport services (% of commercial service imports),TM.VAL.TRAN.ZS.WT,28.9368057189208
Croatia,HRV,2024,Travel services (% of commercial service imports),TM.VAL.TRVL.ZS.WT,31.1499077196896
Croatia,HRV,2023,Travel services (% of commercial service imports),TM.VAL.TRVL.ZS.WT,27.5959011082856
Croatia,HRV,2022,Travel services (% of commercial service imports),TM.VAL.TRVL.ZS.WT,24.7061121088154
Croatia,HRV,2021,Travel services (% of commercial service imports),TM.VAL.TRVL.ZS.WT,20.9449014611181
Croatia,HRV,2020,Travel services (% of commercial service imports),TM.VAL.TRVL.ZS.WT,18.9493655697634
Croatia,HRV,2019,Travel services (% of commercial service imports),TM.VAL.TRVL.ZS.WT,31.1837340048194
Croatia,HRV,2018,Travel services (% of commercial service imports),TM.VAL.TRVL.ZS.WT,31.113134725977
Croatia,HRV,2017,Travel services (% of commercial service imports),TM.VAL.TRVL.ZS.WT,29.6159799650437
Croatia,HRV,2016,Travel services (% of commercial service imports),TM.VAL.TRVL.ZS.WT,24.1985674059331
Croatia,HRV,2015,Travel services (% of commercial service imports),TM.VAL.TRVL.ZS.WT,20.9455693720223
Croatia,HRV,2014,Travel services (% of commercial service imports),TM.VAL.TRVL.ZS.WT,22.1833864289904
Croatia,HRV,2013,Travel services (% of commercial service imports),TM.VAL.TRVL.ZS.WT,22.6180669214773
Croatia,HRV,2012,Travel services (% of commercial service imports),TM.VAL.TRVL.ZS.WT,23.3298360252105
Croatia,HRV,2011,Travel services (% of commercial service imports),TM.VAL.TRVL.ZS.WT,20.7986487703096
Croatia,HRV,2010,Travel services (% of commercial service imports),TM.VAL.TRVL.ZS.WT,20.5264521811235
Croatia,HRV,2009,Travel services (% of commercial service imports),TM.VAL.TRVL.ZS.WT,23.0433611439673
Croatia,HRV,2008,Travel services (% of commercial service imports),TM.VAL.TRVL.ZS.WT,21.2719311903598
Croatia,HRV,2007,Travel services (% of commercial service imports),TM.VAL.TRVL.ZS.WT,23.5600932913743
Croatia,HRV,2006,Travel services (% of commercial service imports),TM.VAL.TRVL.ZS.WT,19.4708024746719
Croatia,HRV,2005,Travel services (% of commercial service imports),TM.VAL.TRVL.ZS.WT,21.1791904838262
Croatia,HRV,2004,Travel services (% of commercial service imports),TM.VAL.TRVL.ZS.WT,22.8943105060965
Croatia,HRV,2003,Travel services (% of commercial service imports),TM.VAL.TRVL.ZS.WT,21.412614197841
Croatia,HRV,2002,Travel services (% of commercial service imports),TM.VAL.TRVL.ZS.WT,31.6904067915339
Croatia,HRV,2001,Travel services (% of commercial service imports),TM.VAL.TRVL.ZS.WT,29.8018907183429
Croatia,HRV,2000,Travel services (% of commercial service imports),TM.VAL.TRVL.ZS.WT,29.4342622620799
Croatia,HRV,1999,Travel services (% of commercial service imports),TM.VAL.TRVL.ZS.WT,36.8848890629392
Croatia,HRV,1998,Travel services (% of commercial service imports),TM.VAL.TRVL.ZS.WT,31.9835566683913
Croatia,HRV,1997,Travel services (% of commercial service imports),TM.VAL.TRVL.ZS.WT,26.9935566115795
Croatia,HRV,1996,Travel services (% of commercial service imports),TM.VAL.TRVL.ZS.WT,30.2072329778638
Croatia,HRV,1995,Travel services (% of commercial service imports),TM.VAL.TRVL.ZS.WT,30.7054442097695
Croatia,HRV,1994,Travel services (% of commercial service imports),TM.VAL.TRVL.ZS.WT,32.2142242857705
Croatia,HRV,1993,Travel services (% of commercial service imports),TM.VAL.TRVL.ZS.WT,32.6825849151296
Croatia,HRV,2023,Net barter terms of trade index (2015 = 100),TT.PRI.MRCH.XD.WD,87.6
Croatia,HRV,2022,Net barter terms of trade index (2015 = 100),TT.PRI.MRCH.XD.WD,89.8
Croatia,HRV,2021,Net barter terms of trade index (2015 = 100),TT.PRI.MRCH.XD.WD,93.1
Croatia,HRV,2020,Net barter terms of trade index (2015 = 100),TT.PRI.MRCH.XD.WD,94.4
Croatia,HRV,2019,Net barter terms of trade index (2015 = 100),TT.PRI.MRCH.XD.WD,96.3
Croatia,HRV,2018,Net barter terms of trade index (2015 = 100),TT.PRI.MRCH.XD.WD,95.9
Croatia,HRV,2017,Net barter terms of trade index (2015 = 100),TT.PRI.MRCH.XD.WD,97.9
Croatia,HRV,2016,Net barter terms of trade index (2015 = 100),TT.PRI.MRCH.XD.WD,99
Croatia,HRV,2015,Net barter terms of trade index (2015 = 100),TT.PRI.MRCH.XD.WD,100
Croatia,HRV,2014,Net barter terms of trade index (2015 = 100),TT.PRI.MRCH.XD.WD,99.1
Croatia,HRV,2013,Net barter terms of trade index (2015 = 100),TT.PRI.MRCH.XD.WD,98.2
Croatia,HRV,2012,Net barter terms of trade index (2015 = 100),TT.PRI.MRCH.XD.WD,98.9
Croatia,HRV,2011,Net barter terms of trade index (2015 = 100),TT.PRI.MRCH.XD.WD,100.4
Croatia,HRV,2010,Net barter terms of trade index (2015 = 100),TT.PRI.MRCH.XD.WD,100.2
Croatia,HRV,2009,Net barter terms of trade index (2015 = 100),TT.PRI.MRCH.XD.WD,99.4
Croatia,HRV,2008,Net barter terms of trade index (2015 = 100),TT.PRI.MRCH.XD.WD,99.1
Croatia,HRV,2007,Net barter terms of trade index (2015 = 100),TT.PRI.MRCH.XD.WD,100.5
Croatia,HRV,2006,Net barter terms of trade index (2015 = 100),TT.PRI.MRCH.XD.WD,98.5
Croatia,HRV,2005,Net barter terms of trade index (2015 = 100),TT.PRI.MRCH.XD.WD,96.9
Croatia,HRV,2004,Net barter terms of trade index (2015 = 100),TT.PRI.MRCH.XD.WD,97.4555701808
Croatia,HRV,2003,Net barter terms of trade index (2015 = 100),TT.PRI.MRCH.XD.WD,96.742602676
Croatia,HRV,2002,Net barter terms of trade index (2015 = 100),TT.PRI.MRCH.XD.WD,97.2568223767
Croatia,HRV,2001,Net barter terms of trade index (2015 = 100),TT.PRI.MRCH.XD.WD,98.5880396021
Croatia,HRV,2000,Net barter terms of trade index (2015 = 100),TT.PRI.MRCH.XD.WD,99.8051100626
Croatia,HRV,2022,Medium and high-tech exports (% manufactured exports),TX.MNF.TECH.ZS.UN,44.4666285517137
Croatia,HRV,2021,Medium and high-tech exports (% manufactured exports),TX.MNF.TECH.ZS.UN,47.3697531486912
Croatia,HRV,2020,Medium and high-tech exports (% manufactured exports),TX.MNF.TECH.ZS.UN,49.2092934842446
Croatia,HRV,2019,Medium and high-tech exports (% manufactured exports),TX.MNF.TECH.ZS.UN,47.5107419971177
Croatia,HRV,2018,Medium and high-tech exports (% manufactured exports),TX.MNF.TECH.ZS.UN,45.6145058102252
Croatia,HRV,2017,Medium and high-tech exports (% manufactured exports),TX.MNF.TECH.ZS.UN,46.8610307374302
Croatia,HRV,2016,Medium and high-tech exports (% manufactured exports),TX.MNF.TECH.ZS.UN,46.7586284179874
Croatia,HRV,2015,Medium and high-tech exports (% manufactured exports),TX.MNF.TECH.ZS.UN,45.3079153520842
Croatia,HRV,2014,Medium and high-tech exports (% manufactured exports),TX.MNF.TECH.ZS.UN,41.8256646972191
Croatia,HRV,2013,Medium and high-tech exports (% manufactured exports),TX.MNF.TECH.ZS.UN,44.2700146195526
Croatia,HRV,2012,Medium and high-tech exports (% manufactured exports),TX.MNF.TECH.ZS.UN,45.3322494819518
Croatia,HRV,2011,Medium and high-tech exports (% manufactured exports),TX.MNF.TECH.ZS.UN,47.7982001979994
Croatia,HRV,2010,Medium and high-tech exports (% manufactured exports),TX.MNF.TECH.ZS.UN,49.4575522744224
Croatia,HRV,2009,Medium and high-tech exports (% manufactured exports),TX.MNF.TECH.ZS.UN,46.8492901189211
Croatia,HRV,2008,Medium and high-tech exports (% manufactured exports),TX.MNF.TECH.ZS.UN,49.6094919550239
Croatia,HRV,2007,Medium and high-tech exports (% manufactured exports),TX.MNF.TECH.ZS.UN,46.7516601590584
Croatia,HRV,2006,Medium and high-tech exports (% manufactured exports),TX.MNF.TECH.ZS.UN,44.5580893800731
Croatia,HRV,2005,Medium and high-tech exports (% manufactured exports),TX.MNF.TECH.ZS.UN,44.4027397189108
Croatia,HRV,2004,Medium and high-tech exports (% manufactured exports),TX.MNF.TECH.ZS.UN,46.5860611538348
Croatia,HRV,2003,Medium and high-tech exports (% manufactured exports),TX.MNF.TECH.ZS.UN,43.9397285965658
Croatia,HRV,2002,Medium and high-tech exports (% manufactured exports),TX.MNF.TECH.ZS.UN,43.2170089813948
Croatia,HRV,2001,Medium and high-tech exports (% manufactured exports),TX.MNF.TECH.ZS.UN,43.891648324333
Croatia,HRV,2000,Medium and high-tech exports (% manufactured exports),TX.MNF.TECH.ZS.UN,42.2781331418992
Croatia,HRV,1999,Medium and high-tech exports (% manufactured exports),TX.MNF.TECH.ZS.UN,44.0651042576154
Croatia,HRV,1998,Medium and high-tech exports (% manufactured exports),TX.MNF.TECH.ZS.UN,45.852042058573
Croatia,HRV,1997,Medium and high-tech exports (% manufactured exports),TX.MNF.TECH.ZS.UN,33.4988365837406
Croatia,HRV,1996,Medium and high-tech exports (% manufactured exports),TX.MNF.TECH.ZS.UN,38.5828590614078
Croatia,HRV,1995,Medium and high-tech exports (% manufactured exports),TX.MNF.TECH.ZS.UN,37.4159353555487
Croatia,HRV,1994,Medium and high-tech exports (% manufactured exports),TX.MNF.TECH.ZS.UN,33.5240986335091
Croatia,HRV,1993,Medium and high-tech exports (% manufactured exports),TX.MNF.TECH.ZS.UN,29.2663868286825
Croatia,HRV,1992,Medium and high-tech exports (% manufactured exports),TX.MNF.TECH.ZS.UN,39.5411789348088
Croatia,HRV,1991,Medium and high-tech exports (% manufactured exports),TX.MNF.TECH.ZS.UN,39.5411789348088
Croatia,HRV,1990,Medium and high-tech exports (% manufactured exports),TX.MNF.TECH.ZS.UN,39.5411789348088
Croatia,HRV,2023,Export volume index (2015 = 100),TX.QTY.MRCH.XD.WD,142.5
Croatia,HRV,2022,Export volume index (2015 = 100),TX.QTY.MRCH.XD.WD,135.6
Croatia,HRV,2021,Export volume index (2015 = 100),TX.QTY.MRCH.XD.WD,135.1
Croatia,HRV,2020,Export volume index (2015 = 100),TX.QTY.MRCH.XD.WD,125.4
Croatia,HRV,2019,Export volume index (2015 = 100),TX.QTY.MRCH.XD.WD,122.7
Croatia,HRV,2018,Export volume index (2015 = 100),TX.QTY.MRCH.XD.WD,120.3
Croatia,HRV,2017,Export volume index (2015 = 100),TX.QTY.MRCH.XD.WD,119.2
Croatia,HRV,2016,Export volume index (2015 = 100),TX.QTY.MRCH.XD.WD,109.3
Croatia,HRV,2015,Export volume index (2015 = 100),TX.QTY.MRCH.XD.WD,100
Croatia,HRV,2014,Export volume index (2015 = 100),TX.QTY.MRCH.XD.WD,87.9
Croatia,HRV,2013,Export volume index (2015 = 100),TX.QTY.MRCH.XD.WD,79.8
Croatia,HRV,2012,Export volume index (2015 = 100),TX.QTY.MRCH.XD.WD,77.9
Croatia,HRV,2011,Export volume index (2015 = 100),TX.QTY.MRCH.XD.WD,79.7
Croatia,HRV,2010,Export volume index (2015 = 100),TX.QTY.MRCH.XD.WD,80.9
Croatia,HRV,2009,Export volume index (2015 = 100),TX.QTY.MRCH.XD.WD,72.2
Croatia,HRV,2008,Export volume index (2015 = 100),TX.QTY.MRCH.XD.WD,85
Croatia,HRV,2007,Export volume index (2015 = 100),TX.QTY.MRCH.XD.WD,85.5
Croatia,HRV,2006,Export volume index (2015 = 100),TX.QTY.MRCH.XD.WD,82.8
Croatia,HRV,2005,Export volume index (2015 = 100),TX.QTY.MRCH.XD.WD,76
Croatia,HRV,2004,Export volume index (2015 = 100),TX.QTY.MRCH.XD.WD,73.344958478
Croatia,HRV,2003,Export volume index (2015 = 100),TX.QTY.MRCH.XD.WD,64.1672059203
Croatia,HRV,2002,Export volume index (2015 = 100),TX.QTY.MRCH.XD.WD,53.8994473025
Croatia,HRV,2001,Export volume index (2015 = 100),TX.QTY.MRCH.XD.WD,50.2403561699
Croatia,HRV,2000,Export volume index (2015 = 100),TX.QTY.MRCH.XD.WD,45.881725908
Croatia,HRV,2023,Export unit value index (2015 = 100),TX.UVI.MRCH.XD.WD,135.4
Croatia,HRV,2022,Export unit value index (2015 = 100),TX.UVI.MRCH.XD.WD,145.3
Croatia,HRV,2021,Export unit value index (2015 = 100),TX.UVI.MRCH.XD.WD,125.3
Croatia,HRV,2020,Export unit value index (2015 = 100),TX.UVI.MRCH.XD.WD,106.1
Croatia,HRV,2019,Export unit value index (2015 = 100),TX.UVI.MRCH.XD.WD,108.4
Croatia,HRV,2018,Export unit value index (2015 = 100),TX.UVI.MRCH.XD.WD,111.9
Croatia,HRV,2017,Export unit value index (2015 = 100),TX.UVI.MRCH.XD.WD,104.3
Croatia,HRV,2016,Export unit value index (2015 = 100),TX.UVI.MRCH.XD.WD,97.7
Croatia,HRV,2015,Export unit value index (2015 = 100),TX.UVI.MRCH.XD.WD,100
Croatia,HRV,2014,Export unit value index (2015 = 100),TX.UVI.MRCH.XD.WD,121.8
Croatia,HRV,2013,Export unit value index (2015 = 100),TX.UVI.MRCH.XD.WD,122.8
Croatia,HRV,2012,Export unit value index (2015 = 100),TX.UVI.MRCH.XD.WD,122.8
Croatia,HRV,2011,Export unit value index (2015 = 100),TX.UVI.MRCH.XD.WD,129.5
Croatia,HRV,2010,Export unit value index (2015 = 100),TX.UVI.MRCH.XD.WD,113
Croatia,HRV,2009,Export unit value index (2015 = 100),TX.UVI.MRCH.XD.WD,112.3
Croatia,HRV,2008,Export unit value index (2015 = 100),TX.UVI.MRCH.XD.WD,128.5
Croatia,HRV,2007,Export unit value index (2015 = 100),TX.UVI.MRCH.XD.WD,111.9
Croatia,HRV,2006,Export unit value index (2015 = 100),TX.UVI.MRCH.XD.WD,97
Croatia,HRV,2005,Export unit value index (2015 = 100),TX.UVI.MRCH.XD.WD,89.3
Croatia,HRV,2004,Export unit value index (2015 = 100),TX.UVI.MRCH.XD.WD,83.9
Croatia,HRV,2003,Export unit value index (2015 = 100),TX.UVI.MRCH.XD.WD,74
Croatia,HRV,2002,Export unit value index (2015 = 100),TX.UVI.MRCH.XD.WD,69.8
Croatia,HRV,2001,Export unit value index (2015 = 100),TX.UVI.MRCH.XD.WD,71.3
Croatia,HRV,2000,Export unit value index (2015 = 100),TX.UVI.MRCH.XD.WD,74.1
Croatia,HRV,2024,Agricultural raw materials exports (% of merchandise exports),TX.VAL.AGRI.ZS.UN,3.53812063115895
Croatia,HRV,2023,Agricultural raw materials exports (% of merchandise exports),TX.VAL.AGRI.ZS.UN,3.62517574489447
Croatia,HRV,2022,Agricultural raw materials exports (% of merchandise exports),TX.VAL.AGRI.ZS.UN,4.25484792333686
Croatia,HRV,2021,Agricultural raw materials exports (% of merchandise exports),TX.VAL.AGRI.ZS.UN,4.18080865272817
Croatia,HRV,2020,Agricultural raw materials exports (% of merchandise exports),TX.VAL.AGRI.ZS.UN,4.0612632002853
Croatia,HRV,2019,Agricultural raw materials exports (% of merchandise exports),TX.VAL.AGRI.ZS.UN,4.33508695702064
Croatia,HRV,2018,Agricultural raw materials exports (% of merchandise exports),TX.VAL.AGRI.ZS.UN,4.53893326693824
Croatia,HRV,2017,Agricultural raw materials exports (% of merchandise exports),TX.VAL.AGRI.ZS.UN,4.52189433743747
Croatia,HRV,2016,Agricultural raw materials exports (% of merchandise exports),TX.VAL.AGRI.ZS.UN,5.19265358846705
Croatia,HRV,2015,Agricultural raw materials exports (% of merchandise exports),TX.VAL.AGRI.ZS.UN,5.32645491631478
Croatia,HRV,2014,Agricultural raw materials exports (% of merchandise exports),TX.VAL.AGRI.ZS.UN,5.47393443147014
Croatia,HRV,2013,Agricultural raw materials exports (% of merchandise exports),TX.VAL.AGRI.ZS.UN,5.0107357456324
Croatia,HRV,2012,Agricultural raw materials exports (% of merchandise exports),TX.VAL.AGRI.ZS.UN,4.08220243509226
Croatia,HRV,2011,Agricultural raw materials exports (% of merchandise exports),TX.VAL.AGRI.ZS.UN,3.98221402567474
Croatia,HRV,2010,Agricultural raw materials exports (% of merchandise exports),TX.VAL.AGRI.ZS.UN,3.69840431730449
Croatia,HRV,2009,Agricultural raw materials exports (% of merchandise exports),TX.VAL.AGRI.ZS.UN,3.68941956007199
Croatia,HRV,2008,Agricultural raw materials exports (% of merchandise exports),TX.VAL.AGRI.ZS.UN,3.34408074520104
Croatia,HRV,2007,Agricultural raw materials exports (% of merchandise exports),TX.VAL.AGRI.ZS.UN,3.55754606600837
Croatia,HRV,2006,Agricultural raw materials exports (% of merchandise exports),TX.VAL.AGRI.ZS.UN,3.29537540883889
Croatia,HRV,2005,Agricultural raw materials exports (% of merchandise exports),TX.VAL.AGRI.ZS.UN,3.40065312572368
Croatia,HRV,2004,Agricultural raw materials exports (% of merchandise exports),TX.VAL.AGRI.ZS.UN,3.62024404575344
Croatia,HRV,2003,Agricultural raw materials exports (% of merchandise exports),TX.VAL.AGRI.ZS.UN,4.16582578684421
Croatia,HRV,2002,Agricultural raw materials exports (% of merchandise exports),TX.VAL.AGRI.ZS.UN,4.30807072989258
Croatia,HRV,2001,Agricultural raw materials exports (% of merchandise exports),TX.VAL.AGRI.ZS.UN,4.06240777894017
Croatia,HRV,2000,Agricultural raw materials exports (% of merchandise exports),TX.VAL.AGRI.ZS.UN,4.54025149849873
Croatia,HRV,1999,Agricultural raw materials exports (% of merchandise exports),TX.VAL.AGRI.ZS.UN,4.71349197893748
Croatia,HRV,1998,Agricultural raw materials exports (% of merchandise exports),TX.VAL.AGRI.ZS.UN,4.16644956819237
Croatia,HRV,1997,Agricultural raw materials exports (% of merchandise exports),TX.VAL.AGRI.ZS.UN,6.19742705512999
Croatia,HRV,1996,Agricultural raw materials exports (% of merchandise exports),TX.VAL.AGRI.ZS.UN,4.7120343628287
Croatia,HRV,1995,Agricultural raw materials exports (% of merchandise exports),TX.VAL.AGRI.ZS.UN,4.57496131497678
Croatia,HRV,1994,Agricultural raw materials exports (% of merchandise exports),TX.VAL.AGRI.ZS.UN,4.19722846221102
Croatia,HRV,1993,Agricultural raw materials exports (% of merchandise exports),TX.VAL.AGRI.ZS.UN,5.50310778378558
Croatia,HRV,1992,Agricultural raw materials exports (% of merchandise exports),TX.VAL.AGRI.ZS.UN,5.61531214035982
Croatia,HRV,2024,Food exports (% of merchandise exports),TX.VAL.FOOD.ZS.UN,15.2060821389238
Croatia,HRV,2023,Food exports (% of merchandise exports),TX.VAL.FOOD.ZS.UN,15.9899527077402
Croatia,HRV,2022,Food exports (% of merchandise exports),TX.VAL.FOOD.ZS.UN,14.3877670899323
Croatia,HRV,2021,Food exports (% of merchandise exports),TX.VAL.FOOD.ZS.UN,14.9574262079533
Croatia,HRV,2020,Food exports (% of merchandise exports),TX.VAL.FOOD.ZS.UN,15.7671311285197
Croatia,HRV,2019,Food exports (% of merchandise exports),TX.VAL.FOOD.ZS.UN,14.1683580028861
Croatia,HRV,2018,Food exports (% of merchandise exports),TX.VAL.FOOD.ZS.UN,13.8210304606981
Croatia,HRV,2017,Food exports (% of merchandise exports),TX.VAL.FOOD.ZS.UN,13.3431617073193
Croatia,HRV,2016,Food exports (% of merchandise exports),TX.VAL.FOOD.ZS.UN,13.938276863174
Croatia,HRV,2015,Food exports (% of merchandise exports),TX.VAL.FOOD.ZS.UN,13.1821377874688
Croatia,HRV,2014,Food exports (% of merchandise exports),TX.VAL.FOOD.ZS.UN,12.3254075059821
Croatia,HRV,2013,Food exports (% of merchandise exports),TX.VAL.FOOD.ZS.UN,12.0843474226814
Croatia,HRV,2012,Food exports (% of merchandise exports),TX.VAL.FOOD.ZS.UN,12.6681063829911
Croatia,HRV,2011,Food exports (% of merchandise exports),TX.VAL.FOOD.ZS.UN,11.4477207881731
Croatia,HRV,2010,Food exports (% of merchandise exports),TX.VAL.FOOD.ZS.UN,11.2992574664548
Croatia,HRV,2009,Food exports (% of merchandise exports),TX.VAL.FOOD.ZS.UN,12.7895594961585
Croatia,HRV,2008,Food exports (% of merchandise exports),TX.VAL.FOOD.ZS.UN,9.75750154247126
Croatia,HRV,2007,Food exports (% of merchandise exports),TX.VAL.FOOD.ZS.UN,10.4577434741525
Croatia,HRV,2006,Food exports (% of merchandise exports),TX.VAL.FOOD.ZS.UN,11.3560014479799
Croatia,HRV,2005,Food exports (% of merchandise exports),TX.VAL.FOOD.ZS.UN,10.4600671240907
Croatia,HRV,2004,Food exports (% of merchandise exports),TX.VAL.FOOD.ZS.UN,9.02199245932951
Croatia,HRV,2003,Food exports (% of merchandise exports),TX.VAL.FOOD.ZS.UN,12.1556795589267
Croatia,HRV,2002,Food exports (% of merchandise exports),TX.VAL.FOOD.ZS.UN,11.1231476779081
Croatia,HRV,2001,Food exports (% of merchandise exports),TX.VAL.FOOD.ZS.UN,9.77587459217329
Croatia,HRV,2000,Food exports (% of merchandise exports),TX.VAL.FOOD.ZS.UN,8.88848654487461
Croatia,HRV,1999,Food exports (% of merchandise exports),TX.VAL.FOOD.ZS.UN,9.50375373961599
Croatia,HRV,1998,Food exports (% of merchandise exports),TX.VAL.FOOD.ZS.UN,11.3849754314877
Croatia,HRV,1997,Food exports (% of merchandise exports),TX.VAL.FOOD.ZS.UN,12.0682646552098
Croatia,HRV,1996,Food exports (% of merchandise exports),TX.VAL.FOOD.ZS.UN,11.3904715838758
Croatia,HRV,1995,Food exports (% of merchandise exports),TX.VAL.FOOD.ZS.UN,10.7513681085268
Croatia,HRV,1994,Food exports (% of merchandise exports),TX.VAL.FOOD.ZS.UN,11.1780671566765
Croatia,HRV,1993,Food exports (% of merchandise exports),TX.VAL.FOOD.ZS.UN,12.1570007766283
Croatia,HRV,1992,Food exports (% of merchandise exports),TX.VAL.FOOD.ZS.UN,12.6486249425216
Croatia,HRV,2024,Fuel exports (% of merchandise exports),TX.VAL.FUEL.ZS.UN,13.0917820766944
Croatia,HRV,2023,Fuel exports (% of merchandise exports),TX.VAL.FUEL.ZS.UN,11.9933049772166
Croatia,HRV,2022,Fuel exports (% of merchandise exports),TX.VAL.FUEL.ZS.UN,19.3892953687712
Croatia,HRV,2021,Fuel exports (% of merchandise exports),TX.VAL.FUEL.ZS.UN,11.8747173830894
Croatia,HRV,2020,Fuel exports (% of merchandise exports),TX.VAL.FUEL.ZS.UN,9.04277575351903
Croatia,HRV,2019,Fuel exports (% of merchandise exports),TX.VAL.FUEL.ZS.UN,9.47847332414296
Croatia,HRV,2018,Fuel exports (% of merchandise exports),TX.VAL.FUEL.ZS.UN,10.5649748380568
Croatia,HRV,2017,Fuel exports (% of merchandise exports),TX.VAL.FUEL.ZS.UN,10.6786816516462
Croatia,HRV,2016,Fuel exports (% of merchandise exports),TX.VAL.FUEL.ZS.UN,9.49404939744756
Croatia,HRV,2015,Fuel exports (% of merchandise exports),TX.VAL.FUEL.ZS.UN,10.9049883399332
Croatia,HRV,2014,Fuel exports (% of merchandise exports),TX.VAL.FUEL.ZS.UN,13.507536869033
Croatia,HRV,2013,Fuel exports (% of merchandise exports),TX.VAL.FUEL.ZS.UN,13.9912729854429
Croatia,HRV,2012,Fuel exports (% of merchandise exports),TX.VAL.FUEL.ZS.UN,13.6718561971398
Croatia,HRV,2011,Fuel exports (% of merchandise exports),TX.VAL.FUEL.ZS.UN,12.0765969396262
Croatia,HRV,2010,Fuel exports (% of merchandise exports),TX.VAL.FUEL.ZS.UN,12.4673216838203
Croatia,HRV,2009,Fuel exports (% of merchandise exports),TX.VAL.FUEL.ZS.UN,13.0144815987687
Croatia,HRV,2008,Fuel exports (% of merchandise exports),TX.VAL.FUEL.ZS.UN,12.8972693206912
Croatia,HRV,2007,Fuel exports (% of merchandise exports),TX.VAL.FUEL.ZS.UN,12.9343181003839
Croatia,HRV,2006,Fuel exports (% of merchandise exports),TX.VAL.FUEL.ZS.UN,15.1071995455938
Croatia,HRV,2005,Fuel exports (% of merchandise exports),TX.VAL.FUEL.ZS.UN,13.8929040520858
Croatia,HRV,2004,Fuel exports (% of merchandise exports),TX.VAL.FUEL.ZS.UN,11.3262188190272
Croatia,HRV,2003,Fuel exports (% of merchandise exports),TX.VAL.FUEL.ZS.UN,9.62307738195106
Croatia,HRV,2002,Fuel exports (% of merchandise exports),TX.VAL.FUEL.ZS.UN,9.34895999478269
Croatia,HRV,2001,Fuel exports (% of merchandise exports),TX.VAL.FUEL.ZS.UN,10.2151778121735
Croatia,HRV,2000,Fuel exports (% of merchandise exports),TX.VAL.FUEL.ZS.UN,10.9626983421509
Croatia,HRV,1999,Fuel exports (% of merchandise exports),TX.VAL.FUEL.ZS.UN,7.75035371501183
Croatia,HRV,1998,Fuel exports (% of merchandise exports),TX.VAL.FUEL.ZS.UN,5.80485922125235
Croatia,HRV,1997,Fuel exports (% of merchandise exports),TX.VAL.FUEL.ZS.UN,9.82433696400253
Croatia,HRV,1996,Fuel exports (% of merchandise exports),TX.VAL.FUEL.ZS.UN,9.22114785670538
Croatia,HRV,1995,Fuel exports (% of merchandise exports),TX.VAL.FUEL.ZS.UN,8.43263671625467
Croatia,HRV,1994,Fuel exports (% of merchandise exports),TX.VAL.FUEL.ZS.UN,9.0683373606827
Croatia,HRV,1993,Fuel exports (% of merchandise exports),TX.VAL.FUEL.ZS.UN,9.66542635438291
Croatia,HRV,1992,Fuel exports (% of merchandise exports),TX.VAL.FUEL.ZS.UN,8.67267812622606
Croatia,HRV,2022,ICT goods exports (% of total goods exports),TX.VAL.ICTG.ZS.UN,1.6
Croatia,HRV,2021,ICT goods exports (% of total goods exports),TX.VAL.ICTG.ZS.UN,2.14
Croatia,HRV,2020,ICT goods exports (% of total goods exports),TX.VAL.ICTG.ZS.UN,2.46
Croatia,HRV,2019,ICT goods exports (% of total goods exports),TX.VAL.ICTG.ZS.UN,2.33
Croatia,HRV,2018,ICT goods exports (% of total goods exports),TX.VAL.ICTG.ZS.UN,2.33
Croatia,HRV,2017,ICT goods exports (% of total goods exports),TX.VAL.ICTG.ZS.UN,2.52
Croatia,HRV,2016,ICT goods exports (% of total goods exports),TX.VAL.ICTG.ZS.UN,2.7
Croatia,HRV,2015,ICT goods exports (% of total goods exports),TX.VAL.ICTG.ZS.UN,2.45
Croatia,HRV,2014,ICT goods exports (% of total goods exports),TX.VAL.ICTG.ZS.UN,2.01
Croatia,HRV,2013,ICT goods exports (% of total goods exports),TX.VAL.ICTG.ZS.UN,2.55
Croatia,HRV,2012,ICT goods exports (% of total goods exports),TX.VAL.ICTG.ZS.UN,1.89
Croatia,HRV,2011,ICT goods exports (% of total goods exports),TX.VAL.ICTG.ZS.UN,1.55
Croatia,HRV,2010,ICT goods exports (% of total goods exports),TX.VAL.ICTG.ZS.UN,2.1
Croatia,HRV,2009,ICT goods exports (% of total goods exports),TX.VAL.ICTG.ZS.UN,2.6
Croatia,HRV,2008,ICT goods exports (% of total goods exports),TX.VAL.ICTG.ZS.UN,2.69
Croatia,HRV,2007,ICT goods exports (% of total goods exports),TX.VAL.ICTG.ZS.UN,2.83
Croatia,HRV,2006,ICT goods exports (% of total goods exports),TX.VAL.ICTG.ZS.UN,2.69
Croatia,HRV,2005,ICT goods exports (% of total goods exports),TX.VAL.ICTG.ZS.UN,2.58
Croatia,HRV,2004,ICT goods exports (% of total goods exports),TX.VAL.ICTG.ZS.UN,3.12
Croatia,HRV,2003,ICT goods exports (% of total goods exports),TX.VAL.ICTG.ZS.UN,3.12
Croatia,HRV,2002,ICT goods exports (% of total goods exports),TX.VAL.ICTG.ZS.UN,3.54
Croatia,HRV,2001,ICT goods exports (% of total goods exports),TX.VAL.ICTG.ZS.UN,2.96
Croatia,HRV,2000,ICT goods exports (% of total goods exports),TX.VAL.ICTG.ZS.UN,1.99
Croatia,HRV,2023,Insurance and financial services (% of commercial service exports),TX.VAL.INSF.ZS.WT,1.15751075233551
Croatia,HRV,2022,Insurance and financial services (% of commercial service exports),TX.VAL.INSF.ZS.WT,1.20339768310481
Croatia,HRV,2021,Insurance and financial services (% of commercial service exports),TX.VAL.INSF.ZS.WT,1.16889275681924
Croatia,HRV,2020,Insurance and financial services (% of commercial service exports),TX.VAL.INSF.ZS.WT,1.40483190515444
Croatia,HRV,2019,Insurance and financial services (% of commercial service exports),TX.VAL.INSF.ZS.WT,1.16538767744343
Croatia,HRV,2018,Insurance and financial services (% of commercial service exports),TX.VAL.INSF.ZS.WT,1.11999066485893
Croatia,HRV,2017,Insurance and financial services (% of commercial service exports),TX.VAL.INSF.ZS.WT,1.07962770126681
Croatia,HRV,2016,Insurance and financial services (% of commercial service exports),TX.VAL.INSF.ZS.WT,0.875204262952763
Croatia,HRV,2015,Insurance and financial services (% of commercial service exports),TX.VAL.INSF.ZS.WT,0.882385221297852
Croatia,HRV,2014,Insurance and financial services (% of commercial service exports),TX.VAL.INSF.ZS.WT,0.861982124371579
Croatia,HRV,2013,Insurance and financial services (% of commercial service exports),TX.VAL.INSF.ZS.WT,0.729773262127574
Croatia,HRV,2012,Insurance and financial services (% of commercial service exports),TX.VAL.INSF.ZS.WT,0.695301296078027
Croatia,HRV,2011,Insurance and financial services (% of commercial service exports),TX.VAL.INSF.ZS.WT,0.704844142861544
Croatia,HRV,2010,Insurance and financial services (% of commercial service exports),TX.VAL.INSF.ZS.WT,0.667798772627737
Croatia,HRV,2009,Insurance and financial services (% of commercial service exports),TX.VAL.INSF.ZS.WT,0.724641627139926
Croatia,HRV,2008,Insurance and financial services (% of commercial service exports),TX.VAL.INSF.ZS.WT,0.732314983719957
Croatia,HRV,2007,Insurance and financial services (% of commercial service exports),TX.VAL.INSF.ZS.WT,0.764068587199585
Croatia,HRV,2006,Insurance and financial services (% of commercial service exports),TX.VAL.INSF.ZS.WT,0.698701568139027
Croatia,HRV,2005,Insurance and financial services (% of commercial service exports),TX.VAL.INSF.ZS.WT,0.529070315146625
Croatia,HRV,2004,Insurance and financial services (% of commercial service exports),TX.VAL.INSF.ZS.WT,0.424147207000884
Croatia,HRV,2003,Insurance and financial services (% of commercial service exports),TX.VAL.INSF.ZS.WT,0.871624680633041
Croatia,HRV,2002,Insurance and financial services (% of commercial service exports),TX.VAL.INSF.ZS.WT,1.8321693380591
Croatia,HRV,2001,Insurance and financial services (% of commercial service exports),TX.VAL.INSF.ZS.WT,1.18581405385915
Croatia,HRV,2000,Insurance and financial services (% of commercial service exports),TX.VAL.INSF.ZS.WT,1.05955225267244
Croatia,HRV,1999,Insurance and financial services (% of commercial service exports),TX.VAL.INSF.ZS.WT,1.68985704490421
Croatia,HRV,1998,Insurance and financial services (% of commercial service exports),TX.VAL.INSF.ZS.WT,1.44730158846341
Croatia,HRV,1997,Insurance and financial services (% of commercial service exports),TX.VAL.INSF.ZS.WT,1.27525112406347
Croatia,HRV,1996,Insurance and financial services (% of commercial service exports),TX.VAL.INSF.ZS.WT,1.46190108004801
Croatia,HRV,1995,Insurance and financial services (% of commercial service exports),TX.VAL.INSF.ZS.WT,1.33515907530275
Croatia,HRV,1994,Insurance and financial services (% of commercial service exports),TX.VAL.INSF.ZS.WT,0.854550264187455
Croatia,HRV,1993,Insurance and financial services (% of commercial service exports),TX.VAL.INSF.ZS.WT,1.44023472170861
Croatia,HRV,2024,Manufactures exports (% of merchandise exports),TX.VAL.MANF.ZS.UN,63.1018279659259
Croatia,HRV,2023,Manufactures exports (% of merchandise exports),TX.VAL.MANF.ZS.UN,63.8809161242129
Croatia,HRV,2022,Manufactures exports (% of merchandise exports),TX.VAL.MANF.ZS.UN,56.6932837399698
Croatia,HRV,2021,Manufactures exports (% of merchandise exports),TX.VAL.MANF.ZS.UN,63.4599498278358
Croatia,HRV,2020,Manufactures exports (% of merchandise exports),TX.VAL.MANF.ZS.UN,65.9112273741857
Croatia,HRV,2019,Manufactures exports (% of merchandise exports),TX.VAL.MANF.ZS.UN,67.3406993625424
Croatia,HRV,2018,Manufactures exports (% of merchandise exports),TX.VAL.MANF.ZS.UN,66.5327393870269
Croatia,HRV,2017,Manufactures exports (% of merchandise exports),TX.VAL.MANF.ZS.UN,67.2325782201511
Croatia,HRV,2016,Manufactures exports (% of merchandise exports),TX.VAL.MANF.ZS.UN,67.9789133522014
Croatia,HRV,2015,Manufactures exports (% of merchandise exports),TX.VAL.MANF.ZS.UN,66.593111570583
Croatia,HRV,2014,Manufactures exports (% of merchandise exports),TX.VAL.MANF.ZS.UN,63.3557007445093
Croatia,HRV,2013,Manufactures exports (% of merchandise exports),TX.VAL.MANF.ZS.UN,62.8057862462361
Croatia,HRV,2012,Manufactures exports (% of merchandise exports),TX.VAL.MANF.ZS.UN,62.5141751109751
Croatia,HRV,2011,Manufactures exports (% of merchandise exports),TX.VAL.MANF.ZS.UN,66.8126272167499
Croatia,HRV,2010,Manufactures exports (% of merchandise exports),TX.VAL.MANF.ZS.UN,67.9491092909724
Croatia,HRV,2009,Manufactures exports (% of merchandise exports),TX.VAL.MANF.ZS.UN,66.8377379980225
Croatia,HRV,2008,Manufactures exports (% of merchandise exports),TX.VAL.MANF.ZS.UN,69.6914350892143
Croatia,HRV,2007,Manufactures exports (% of merchandise exports),TX.VAL.MANF.ZS.UN,68.4248016122375
Croatia,HRV,2006,Manufactures exports (% of merchandise exports),TX.VAL.MANF.ZS.UN,65.8448215010923
Croatia,HRV,2005,Manufactures exports (% of merchandise exports),TX.VAL.MANF.ZS.UN,68.456870440627
Croatia,HRV,2004,Manufactures exports (% of merchandise exports),TX.VAL.MANF.ZS.UN,72.6134079855041
Croatia,HRV,2003,Manufactures exports (% of merchandise exports),TX.VAL.MANF.ZS.UN,71.6588270070343
Croatia,HRV,2002,Manufactures exports (% of merchandise exports),TX.VAL.MANF.ZS.UN,72.6045063450744
Croatia,HRV,2001,Manufactures exports (% of merchandise exports),TX.VAL.MANF.ZS.UN,73.2754252459996
Croatia,HRV,2000,Manufactures exports (% of merchandise exports),TX.VAL.MANF.ZS.UN,72.5755326000344
Croatia,HRV,1999,Manufactures exports (% of merchandise exports),TX.VAL.MANF.ZS.UN,75.6927129019185
Croatia,HRV,1998,Manufactures exports (% of merchandise exports),TX.VAL.MANF.ZS.UN,76.3978284436485
Croatia,HRV,1997,Manufactures exports (% of merchandise exports),TX.VAL.MANF.ZS.UN,69.2715539822336
Croatia,HRV,1996,Manufactures exports (% of merchandise exports),TX.VAL.MANF.ZS.UN,72.4555765398924
Croatia,HRV,1995,Manufactures exports (% of merchandise exports),TX.VAL.MANF.ZS.UN,73.849653967995
Croatia,HRV,1994,Manufactures exports (% of merchandise exports),TX.VAL.MANF.ZS.UN,73.5861583149467
Croatia,HRV,1993,Manufactures exports (% of merchandise exports),TX.VAL.MANF.ZS.UN,71.0309331084113
Croatia,HRV,1992,Manufactures exports (% of merchandise exports),TX.VAL.MANF.ZS.UN,67.845507701374
Croatia,HRV,2024,Ores and metals exports (% of merchandise exports),TX.VAL.MMTL.ZS.UN,4.33865937994052
Croatia,HRV,2023,Ores and metals exports (% of merchandise exports),TX.VAL.MMTL.ZS.UN,4.01353681138671
Croatia,HRV,2022,Ores and metals exports (% of merchandise exports),TX.VAL.MMTL.ZS.UN,4.48865562382228
Croatia,HRV,2021,Ores and metals exports (% of merchandise exports),TX.VAL.MMTL.ZS.UN,4.9656928362241
Croatia,HRV,2020,Ores and metals exports (% of merchandise exports),TX.VAL.MMTL.ZS.UN,4.38530028892353
Croatia,HRV,2019,Ores and metals exports (% of merchandise exports),TX.VAL.MMTL.ZS.UN,4.05184800780586
Croatia,HRV,2018,Ores and metals exports (% of merchandise exports),TX.VAL.MMTL.ZS.UN,3.88320618536719
Croatia,HRV,2017,Ores and metals exports (% of merchandise exports),TX.VAL.MMTL.ZS.UN,3.80140504044553
Croatia,HRV,2016,Ores and metals exports (% of merchandise exports),TX.VAL.MMTL.ZS.UN,2.80371526734313
Croatia,HRV,2015,Ores and metals exports (% of merchandise exports),TX.VAL.MMTL.ZS.UN,2.82004732437204
Croatia,HRV,2014,Ores and metals exports (% of merchandise exports),TX.VAL.MMTL.ZS.UN,3.69162990852728
Croatia,HRV,2013,Ores and metals exports (% of merchandise exports),TX.VAL.MMTL.ZS.UN,4.42951200166939
Croatia,HRV,2012,Ores and metals exports (% of merchandise exports),TX.VAL.MMTL.ZS.UN,5.19459070846999
Croatia,HRV,2011,Ores and metals exports (% of merchandise exports),TX.VAL.MMTL.ZS.UN,5.16768820989798
Croatia,HRV,2010,Ores and metals exports (% of merchandise exports),TX.VAL.MMTL.ZS.UN,4.50785404777907
Croatia,HRV,2009,Ores and metals exports (% of merchandise exports),TX.VAL.MMTL.ZS.UN,3.62799684712098
Croatia,HRV,2008,Ores and metals exports (% of merchandise exports),TX.VAL.MMTL.ZS.UN,4.29179270428804
Croatia,HRV,2007,Ores and metals exports (% of merchandise exports),TX.VAL.MMTL.ZS.UN,4.58755890470055
Croatia,HRV,2006,Ores and metals exports (% of merchandise exports),TX.VAL.MMTL.ZS.UN,4.38216596713458
Croatia,HRV,2005,Ores and metals exports (% of merchandise exports),TX.VAL.MMTL.ZS.UN,3.77534154653081
Croatia,HRV,2004,Ores and metals exports (% of merchandise exports),TX.VAL.MMTL.ZS.UN,3.40409153854028
Croatia,HRV,2003,Ores and metals exports (% of merchandise exports),TX.VAL.MMTL.ZS.UN,2.27026881473396
Croatia,HRV,2002,Ores and metals exports (% of merchandise exports),TX.VAL.MMTL.ZS.UN,2.59431082175214
Croatia,HRV,2001,Ores and metals exports (% of merchandise exports),TX.VAL.MMTL.ZS.UN,2.66229103665213
Croatia,HRV,2000,Ores and metals exports (% of merchandise exports),TX.VAL.MMTL.ZS.UN,3.02217894548663
Croatia,HRV,1999,Ores and metals exports (% of merchandise exports),TX.VAL.MMTL.ZS.UN,2.227457724479
Croatia,HRV,1998,Ores and metals exports (% of merchandise exports),TX.VAL.MMTL.ZS.UN,2.18428506344833
Croatia,HRV,1997,Ores and metals exports (% of merchandise exports),TX.VAL.MMTL.ZS.UN,2.58408258027762
Croatia,HRV,1996,Ores and metals exports (% of merchandise exports),TX.VAL.MMTL.ZS.UN,2.1806747188356
Croatia,HRV,1995,Ores and metals exports (% of merchandise exports),TX.VAL.MMTL.ZS.UN,2.33807761665747
Croatia,HRV,1994,Ores and metals exports (% of merchandise exports),TX.VAL.MMTL.ZS.UN,1.95963810579541
Croatia,HRV,1993,Ores and metals exports (% of merchandise exports),TX.VAL.MMTL.ZS.UN,1.60880993331246
Croatia,HRV,1992,Ores and metals exports (% of merchandise exports),TX.VAL.MMTL.ZS.UN,4.83122445785582
Croatia,HRV,2023,Merchandise exports to economies in the Arab World (% of total merchandise exports),TX.VAL.MRCH.AL.ZS,1.7911752974556
Croatia,HRV,2022,Merchandise exports to economies in the Arab World (% of total merchandise exports),TX.VAL.MRCH.AL.ZS,1.85331159004668
Croatia,HRV,2021,Merchandise exports to economies in the Arab World (% of total merchandise exports),TX.VAL.MRCH.AL.ZS,1.93321979306582
Croatia,HRV,2020,Merchandise exports to economies in the Arab World (% of total merchandise exports),TX.VAL.MRCH.AL.ZS,2.55435865301346
Croatia,HRV,2019,Merchandise exports to economies in the Arab World (% of total merchandise exports),TX.VAL.MRCH.AL.ZS,2.33095268251812
Croatia,HRV,2018,Merchandise exports to economies in the Arab World (% of total merchandise exports),TX.VAL.MRCH.AL.ZS,3.07154865789757
Croatia,HRV,2017,Merchandise exports to economies in the Arab World (% of total merchandise exports),TX.VAL.MRCH.AL.ZS,3.96414981433745
Croatia,HRV,2016,Merchandise exports to economies in the Arab World (% of total merchandise exports),TX.VAL.MRCH.AL.ZS,4.31694846511363
Croatia,HRV,2015,Merchandise exports to economies in the Arab World (% of total merchandise exports),TX.VAL.MRCH.AL.ZS,3.90464983665709
Croatia,HRV,2014,Merchandise exports to economies in the Arab World (% of total merchandise exports),TX.VAL.MRCH.AL.ZS,3.78614567184052
Croatia,HRV,2013,Merchandise exports to economies in the Arab World (% of total merchandise exports),TX.VAL.MRCH.AL.ZS,3.64975637914987
Croatia,HRV,2012,Merchandise exports to economies in the Arab World (% of total merchandise exports),TX.VAL.MRCH.AL.ZS,4.46356405053657
Croatia,HRV,2011,Merchandise exports to economies in the Arab World (% of total merchandise exports),TX.VAL.MRCH.AL.ZS,3.79602648899156
Croatia,HRV,2010,Merchandise exports to economies in the Arab World (% of total merchandise exports),TX.VAL.MRCH.AL.ZS,4.10997282355115
Croatia,HRV,2009,Merchandise exports to economies in the Arab World (% of total merchandise exports),TX.VAL.MRCH.AL.ZS,5.37995315110845
Croatia,HRV,2008,Merchandise exports to economies in the Arab World (% of total merchandise exports),TX.VAL.MRCH.AL.ZS,3.53489737181432
Croatia,HRV,2007,Merchandise exports to economies in the Arab World (% of total merchandise exports),TX.VAL.MRCH.AL.ZS,3.3865243131345
Croatia,HRV,2006,Merchandise exports to economies in the Arab World (% of total merchandise exports),TX.VAL.MRCH.AL.ZS,4.07629559950941
Croatia,HRV,2005,Merchandise exports to economies in the Arab World (% of total merchandise exports),TX.VAL.MRCH.AL.ZS,3.81564995621762
Croatia,HRV,2004,Merchandise exports to economies in the Arab World (% of total merchandise exports),TX.VAL.MRCH.AL.ZS,2.00733953849823
Croatia,HRV,2003,Merchandise exports to economies in the Arab World (% of total merchandise exports),TX.VAL.MRCH.AL.ZS,1.18493957968355
Croatia,HRV,2002,Merchandise exports to economies in the Arab World (% of total merchandise exports),TX.VAL.MRCH.AL.ZS,1.34526021537226
Croatia,HRV,2001,Merchandise exports to economies in the Arab World (% of total merchandise exports),TX.VAL.MRCH.AL.ZS,1.43066770360154
Croatia,HRV,2000,Merchandise exports to economies in the Arab World (% of total merchandise exports),TX.VAL.MRCH.AL.ZS,1.22136489680803
Croatia,HRV,1999,Merchandise exports to economies in the Arab World (% of total merchandise exports),TX.VAL.MRCH.AL.ZS,1.1293901144973
Croatia,HRV,1998,Merchandise exports to economies in the Arab World (% of total merchandise exports),TX.VAL.MRCH.AL.ZS,2.87092228378367
Croatia,HRV,1997,Merchandise exports to economies in the Arab World (% of total merchandise exports),TX.VAL.MRCH.AL.ZS,1.00694983601775
Croatia,HRV,1996,Merchandise exports to economies in the Arab World (% of total merchandise exports),TX.VAL.MRCH.AL.ZS,1.166986270882
Croatia,HRV,1995,Merchandise exports to economies in the Arab World (% of total merchandise exports),TX.VAL.MRCH.AL.ZS,1.17594788149831
Croatia,HRV,1994,Merchandise exports to economies in the Arab World (% of total merchandise exports),TX.VAL.MRCH.AL.ZS,0.87889884068527
Croatia,HRV,2024,Merchandise exports (current US$),TX.VAL.MRCH.CD.WT,25897000000
Croatia,HRV,2023,Merchandise exports (current US$),TX.VAL.MRCH.CD.WT,24960000000
Croatia,HRV,2022,Merchandise exports (current US$),TX.VAL.MRCH.CD.WT,25467000000
Croatia,HRV,2021,Merchandise exports (current US$),TX.VAL.MRCH.CD.WT,21878000000
Croatia,HRV,2020,Merchandise exports (current US$),TX.VAL.MRCH.CD.WT,17193000000
Croatia,HRV,2019,Merchandise exports (current US$),TX.VAL.MRCH.CD.WT,17180000000
Croatia,HRV,2018,Merchandise exports (current US$),TX.VAL.MRCH.CD.WT,17402000000
Croatia,HRV,2017,Merchandise exports (current US$),TX.VAL.MRCH.CD.WT,16069000000
Croatia,HRV,2016,Merchandise exports (current US$),TX.VAL.MRCH.CD.WT,13813000000
Croatia,HRV,2015,Merchandise exports (current US$),TX.VAL.MRCH.CD.WT,12925000000
Croatia,HRV,2014,Merchandise exports (current US$),TX.VAL.MRCH.CD.WT,13835000000
Croatia,HRV,2013,Merchandise exports (current US$),TX.VAL.MRCH.CD.WT,12659000000
Croatia,HRV,2012,Merchandise exports (current US$),TX.VAL.MRCH.CD.WT,12371000000
Croatia,HRV,2011,Merchandise exports (current US$),TX.VAL.MRCH.CD.WT,13338000000
Croatia,HRV,2010,Merchandise exports (current US$),TX.VAL.MRCH.CD.WT,11806000000
Croatia,HRV,2009,Merchandise exports (current US$),TX.VAL.MRCH.CD.WT,10403000000
Croatia,HRV,2008,Merchandise exports (current US$),TX.VAL.MRCH.CD.WT,14112000000
Croatia,HRV,2007,Merchandise exports (current US$),TX.VAL.MRCH.CD.WT,12340000000
Croatia,HRV,2006,Merchandise exports (current US$),TX.VAL.MRCH.CD.WT,10361000000
Croatia,HRV,2005,Merchandise exports (current US$),TX.VAL.MRCH.CD.WT,8795000000
Croatia,HRV,2004,Merchandise exports (current US$),TX.VAL.MRCH.CD.WT,8028000000
Croatia,HRV,2003,Merchandise exports (current US$),TX.VAL.MRCH.CD.WT,6187000000
Croatia,HRV,2002,Merchandise exports (current US$),TX.VAL.MRCH.CD.WT,4906000000
Croatia,HRV,2001,Merchandise exports (current US$),TX.VAL.MRCH.CD.WT,4666000000
Croatia,HRV,2000,Merchandise exports (current US$),TX.VAL.MRCH.CD.WT,4432000000
Croatia,HRV,1999,Merchandise exports (current US$),TX.VAL.MRCH.CD.WT,4303000000
Croatia,HRV,1998,Merchandise exports (current US$),TX.VAL.MRCH.CD.WT,4517000000
Croatia,HRV,1997,Merchandise exports (current US$),TX.VAL.MRCH.CD.WT,3981000000
Croatia,HRV,1996,Merchandise exports (current US$),TX.VAL.MRCH.CD.WT,4643000000
Croatia,HRV,1995,Merchandise exports (current US$),TX.VAL.MRCH.CD.WT,4517000000
Croatia,HRV,1994,Merchandise exports (current US$),TX.VAL.MRCH.CD.WT,4260000000
Croatia,HRV,1993,Merchandise exports (current US$),TX.VAL.MRCH.CD.WT,3913000000
Croatia,HRV,1992,Merchandise exports (current US$),TX.VAL.MRCH.CD.WT,4597000000
Croatia,HRV,2023,Merchandise exports to high-income economies (% of total merchandise exports),TX.VAL.MRCH.HI.ZS,75.5960908205602
Croatia,HRV,2022,Merchandise exports to high-income economies (% of total merchandise exports),TX.VAL.MRCH.HI.ZS,76.3529072066722
Croatia,HRV,2021,Merchandise exports to high-income economies (% of total merchandise exports),TX.VAL.MRCH.HI.ZS,77.2554395200709
Croatia,HRV,2020,Merchandise exports to high-income economies (% of total merchandise exports),TX.VAL.MRCH.HI.ZS,78.1794381176406
Croatia,HRV,2019,Merchandise exports to high-income economies (% of total merchandise exports),TX.VAL.MRCH.HI.ZS,75.9114170626678
Croatia,HRV,2018,Merchandise exports to high-income economies (% of total merchandise exports),TX.VAL.MRCH.HI.ZS,77.1789975518463
Croatia,HRV,2017,Merchandise exports to high-income economies (% of total merchandise exports),TX.VAL.MRCH.HI.ZS,75.4286622943226
Croatia,HRV,2016,Merchandise exports to high-income economies (% of total merchandise exports),TX.VAL.MRCH.HI.ZS,77.0905561986479
Croatia,HRV,2015,Merchandise exports to high-income economies (% of total merchandise exports),TX.VAL.MRCH.HI.ZS,74.959404619602
Croatia,HRV,2014,Merchandise exports to high-income economies (% of total merchandise exports),TX.VAL.MRCH.HI.ZS,72.6046556640587
Croatia,HRV,2013,Merchandise exports to high-income economies (% of total merchandise exports),TX.VAL.MRCH.HI.ZS,72.2231391654778
Croatia,HRV,2012,Merchandise exports to high-income economies (% of total merchandise exports),TX.VAL.MRCH.HI.ZS,69.8591963750909
Croatia,HRV,2011,Merchandise exports to high-income economies (% of total merchandise exports),TX.VAL.MRCH.HI.ZS,71.7182531780821
Croatia,HRV,2010,Merchandise exports to high-income economies (% of total merchandise exports),TX.VAL.MRCH.HI.ZS,72.4944506981671
Croatia,HRV,2009,Merchandise exports to high-income economies (% of total merchandise exports),TX.VAL.MRCH.HI.ZS,70.9900025545863
Croatia,HRV,2008,Merchandise exports to high-income economies (% of total merchandise exports),TX.VAL.MRCH.HI.ZS,70.5757026159457
Croatia,HRV,2007,Merchandise exports to high-income economies (% of total merchandise exports),TX.VAL.MRCH.HI.ZS,72.4050862683289
Croatia,HRV,2006,Merchandise exports to high-income economies (% of total merchandise exports),TX.VAL.MRCH.HI.ZS,78.1938212581506
Croatia,HRV,2005,Merchandise exports to high-income economies (% of total merchandise exports),TX.VAL.MRCH.HI.ZS,76.2219975538458
Croatia,HRV,2004,Merchandise exports to high-income economies (% of total merchandise exports),TX.VAL.MRCH.HI.ZS,77.0636261371015
Croatia,HRV,2003,Merchandise exports to high-income economies (% of total merchandise exports),TX.VAL.MRCH.HI.ZS,79.0665014358113
Croatia,HRV,2002,Merchandise exports to high-income economies (% of total merchandise exports),TX.VAL.MRCH.HI.ZS,76.9195642800844
Croatia,HRV,2001,Merchandise exports to high-income economies (% of total merchandise exports),TX.VAL.MRCH.HI.ZS,78.7101676252572
Croatia,HRV,2000,Merchandise exports to high-income economies (% of total merchandise exports),TX.VAL.MRCH.HI.ZS,78.237952332177
Croatia,HRV,1999,Merchandise exports to high-income economies (% of total merchandise exports),TX.VAL.MRCH.HI.ZS,78.6818340345644
Croatia,HRV,1998,Merchandise exports to high-income economies (% of total merchandise exports),TX.VAL.MRCH.HI.ZS,73.5639745320816
Croatia,HRV,1997,Merchandise exports to high-income economies (% of total merchandise exports),TX.VAL.MRCH.HI.ZS,77.234464034481
Croatia,HRV,1996,Merchandise exports to high-income economies (% of total merchandise exports),TX.VAL.MRCH.HI.ZS,76.5721492465509
Croatia,HRV,1995,Merchandise exports to high-income economies (% of total merchandise exports),TX.VAL.MRCH.HI.ZS,84.1030115265423
Croatia,HRV,1994,Merchandise exports to high-income economies (% of total merchandise exports),TX.VAL.MRCH.HI.ZS,85.7229973748502
Croatia,HRV,1993,Merchandise exports to high-income economies (% of total merchandise exports),TX.VAL.MRCH.HI.ZS,91.9848453391172
Croatia,HRV,2023,Merchandise exports to low- and middle-income economies outside region (% of total merchandise exports),TX.VAL.MRCH.OR.ZS,2.95908715403041
Croatia,HRV,2022,Merchandise exports to low- and middle-income economies outside region (% of total merchandise exports),TX.VAL.MRCH.OR.ZS,2.34602348435962
Croatia,HRV,2021,Merchandise exports to low- and middle-income economies outside region (% of total merchandise exports),TX.VAL.MRCH.OR.ZS,3.61849640567991
Croatia,HRV,2020,Merchandise exports to low- and middle-income economies outside region (% of total merchandise exports),TX.VAL.MRCH.OR.ZS,3.04235847923072
Croatia,HRV,2019,Merchandise exports to low- and middle-income economies outside region (% of total merchandise exports),TX.VAL.MRCH.OR.ZS,4.30968616508846
Croatia,HRV,2018,Merchandise exports to low- and middle-income economies outside region (% of total merchandise exports),TX.VAL.MRCH.OR.ZS,4.21306003092393
Croatia,HRV,2017,Merchandise exports to low- and middle-income economies outside region (% of total merchandise exports),TX.VAL.MRCH.OR.ZS,4.96329702291139
Croatia,HRV,2016,Merchandise exports to low- and middle-income economies outside region (% of total merchandise exports),TX.VAL.MRCH.OR.ZS,4.64426891448756
Croatia,HRV,2015,Merchandise exports to low- and middle-income economies outside region (% of total merchandise exports),TX.VAL.MRCH.OR.ZS,5.16382113334274
Croatia,HRV,2014,Merchandise exports to low- and middle-income economies outside region (% of total merchandise exports),TX.VAL.MRCH.OR.ZS,4.88922174857408
Croatia,HRV,2013,Merchandise exports to low- and middle-income economies outside region (% of total merchandise exports),TX.VAL.MRCH.OR.ZS,5.83819662529678
Croatia,HRV,2012,Merchandise exports to low- and middle-income economies outside region (% of total merchandise exports),TX.VAL.MRCH.OR.ZS,6.39884796712165
Croatia,HRV,2011,Merchandise exports to low- and middle-income economies outside region (% of total merchandise exports),TX.VAL.MRCH.OR.ZS,6.42114846566458
Croatia,HRV,2010,Merchandise exports to low- and middle-income economies outside region (% of total merchandise exports),TX.VAL.MRCH.OR.ZS,6.88321933139091
Croatia,HRV,2009,Merchandise exports to low- and middle-income economies outside region (% of total merchandise exports),TX.VAL.MRCH.OR.ZS,5.44347203028312
Croatia,HRV,2008,Merchandise exports to low- and middle-income economies outside region (% of total merchandise exports),TX.VAL.MRCH.OR.ZS,4.37234304671361
Croatia,HRV,2007,Merchandise exports to low- and middle-income economies outside region (% of total merchandise exports),TX.VAL.MRCH.OR.ZS,3.93289845232735
Croatia,HRV,2006,Merchandise exports to low- and middle-income economies outside region (% of total merchandise exports),TX.VAL.MRCH.OR.ZS,5.62285252949011
Croatia,HRV,2005,Merchandise exports to low- and middle-income economies outside region (% of total merchandise exports),TX.VAL.MRCH.OR.ZS,5.99234665524933
Croatia,HRV,2004,Merchandise exports to low- and middle-income economies outside region (% of total merchandise exports),TX.VAL.MRCH.OR.ZS,5.03196491174545
Croatia,HRV,2003,Merchandise exports to low- and middle-income economies outside region (% of total merchandise exports),TX.VAL.MRCH.OR.ZS,3.38552887900477
Croatia,HRV,2002,Merchandise exports to low- and middle-income economies outside region (% of total merchandise exports),TX.VAL.MRCH.OR.ZS,5.83089984820951
Croatia,HRV,2001,Merchandise exports to low- and middle-income economies outside region (% of total merchandise exports),TX.VAL.MRCH.OR.ZS,6.45877499186099
Croatia,HRV,2000,Merchandise exports to low- and middle-income economies outside region (% of total merchandise exports),TX.VAL.MRCH.OR.ZS,7.41120746071076
Croatia,HRV,1999,Merchandise exports to low- and middle-income economies outside region (% of total merchandise exports),TX.VAL.MRCH.OR.ZS,5.57719848919956
Croatia,HRV,1998,Merchandise exports to low- and middle-income economies outside region (% of total merchandise exports),TX.VAL.MRCH.OR.ZS,9.11559285788981
Croatia,HRV,1997,Merchandise exports to low- and middle-income economies outside region (% of total merchandise exports),TX.VAL.MRCH.OR.ZS,4.71337219971485
Croatia,HRV,1996,Merchandise exports to low- and middle-income economies outside region (% of total merchandise exports),TX.VAL.MRCH.OR.ZS,8.50679261995275
Croatia,HRV,1995,Merchandise exports to low- and middle-income economies outside region (% of total merchandise exports),TX.VAL.MRCH.OR.ZS,5.16430410826731
Croatia,HRV,1994,Merchandise exports to low- and middle-income economies outside region (% of total merchandise exports),TX.VAL.MRCH.OR.ZS,3.5232062108314
Croatia,HRV,2023,Merchandise exports to low- and middle-income economies in East Asia & Pacific (% of total merchandise exports),TX.VAL.MRCH.R1.ZS,0.757308563286067
Croatia,HRV,2022,Merchandise exports to low- and middle-income economies in East Asia & Pacific (% of total merchandise exports),TX.VAL.MRCH.R1.ZS,0.570063163505518
Croatia,HRV,2021,Merchandise exports to low- and middle-income economies in East Asia & Pacific (% of total merchandise exports),TX.VAL.MRCH.R1.ZS,1.88029598495023
Croatia,HRV,2020,Merchandise exports to low- and middle-income economies in East Asia & Pacific (% of total merchandise exports),TX.VAL.MRCH.R1.ZS,0.876440226049036
Croatia,HRV,2019,Merchandise exports to low- and middle-income economies in East Asia & Pacific (% of total merchandise exports),TX.VAL.MRCH.R1.ZS,2.01095836315694
Croatia,HRV,2018,Merchandise exports to low- and middle-income economies in East Asia & Pacific (% of total merchandise exports),TX.VAL.MRCH.R1.ZS,1.34399071759203
Croatia,HRV,2017,Merchandise exports to low- and middle-income economies in East Asia & Pacific (% of total merchandise exports),TX.VAL.MRCH.R1.ZS,1.45446298063038
Croatia,HRV,2016,Merchandise exports to low- and middle-income economies in East Asia & Pacific (% of total merchandise exports),TX.VAL.MRCH.R1.ZS,1.40940957679746
Croatia,HRV,2015,Merchandise exports to low- and middle-income economies in East Asia & Pacific (% of total merchandise exports),TX.VAL.MRCH.R1.ZS,1.36856689256636
Croatia,HRV,2014,Merchandise exports to low- and middle-income economies in East Asia & Pacific (% of total merchandise exports),TX.VAL.MRCH.R1.ZS,0.782421278725603
Croatia,HRV,2013,Merchandise exports to low- and middle-income economies in East Asia & Pacific (% of total merchandise exports),TX.VAL.MRCH.R1.ZS,1.38224501909246
Croatia,HRV,2012,Merchandise exports to low- and middle-income economies in East Asia & Pacific (% of total merchandise exports),TX.VAL.MRCH.R1.ZS,0.894074487939438
Croatia,HRV,2011,Merchandise exports to low- and middle-income economies in East Asia & Pacific (% of total merchandise exports),TX.VAL.MRCH.R1.ZS,0.818498360748776
Croatia,HRV,2010,Merchandise exports to low- and middle-income economies in East Asia & Pacific (% of total merchandise exports),TX.VAL.MRCH.R1.ZS,1.55918513179703
Croatia,HRV,2009,Merchandise exports to low- and middle-income economies in East Asia & Pacific (% of total merchandise exports),TX.VAL.MRCH.R1.ZS,0.603717502268506
Croatia,HRV,2008,Merchandise exports to low- and middle-income economies in East Asia & Pacific (% of total merchandise exports),TX.VAL.MRCH.R1.ZS,1.83104584861033
Croatia,HRV,2007,Merchandise exports to low- and middle-income economies in East Asia & Pacific (% of total merchandise exports),TX.VAL.MRCH.R1.ZS,1.91278654790599
Croatia,HRV,2006,Merchandise exports to low- and middle-income economies in East Asia & Pacific (% of total merchandise exports),TX.VAL.MRCH.R1.ZS,1.92635631275486
Croatia,HRV,2005,Merchandise exports to low- and middle-income economies in East Asia & Pacific (% of total merchandise exports),TX.VAL.MRCH.R1.ZS,0.210895786353666
Croatia,HRV,2004,Merchandise exports to low- and middle-income economies in East Asia & Pacific (% of total merchandise exports),TX.VAL.MRCH.R1.ZS,0.216912884415549
Croatia,HRV,2003,Merchandise exports to low- and middle-income economies in East Asia & Pacific (% of total merchandise exports),TX.VAL.MRCH.R1.ZS,0.303019454709649
Croatia,HRV,2002,Merchandise exports to low- and middle-income economies in East Asia & Pacific (% of total merchandise exports),TX.VAL.MRCH.R1.ZS,0.139171138333316
Croatia,HRV,2001,Merchandise exports to low- and middle-income economies in East Asia & Pacific (% of total merchandise exports),TX.VAL.MRCH.R1.ZS,1.09136740069986
Croatia,HRV,2000,Merchandise exports to low- and middle-income economies in East Asia & Pacific (% of total merchandise exports),TX.VAL.MRCH.R1.ZS,0.182134444538549
Croatia,HRV,1999,Merchandise exports to low- and middle-income economies in East Asia & Pacific (% of total merchandise exports),TX.VAL.MRCH.R1.ZS,0.288407550044646
Croatia,HRV,1998,Merchandise exports to low- and middle-income economies in East Asia & Pacific (% of total merchandise exports),TX.VAL.MRCH.R1.ZS,0.266269749683402
Croatia,HRV,1997,Merchandise exports to low- and middle-income economies in East Asia & Pacific (% of total merchandise exports),TX.VAL.MRCH.R1.ZS,0.378311994466481
Croatia,HRV,1996,Merchandise exports to low- and middle-income economies in East Asia & Pacific (% of total merchandise exports),TX.VAL.MRCH.R1.ZS,0.828872737573091
Croatia,HRV,1995,Merchandise exports to low- and middle-income economies in East Asia & Pacific (% of total merchandise exports),TX.VAL.MRCH.R1.ZS,0.644726331235234
Croatia,HRV,1994,Merchandise exports to low- and middle-income economies in East Asia & Pacific (% of total merchandise exports),TX.VAL.MRCH.R1.ZS,0.431399940820321
Croatia,HRV,2023,Merchandise exports to low- and middle-income economies in Europe & Central Asia (% of total merchandise exports),TX.VAL.MRCH.R2.ZS,21.4425292245925
Croatia,HRV,2022,Merchandise exports to low- and middle-income economies in Europe & Central Asia (% of total merchandise exports),TX.VAL.MRCH.R2.ZS,21.3009465438385
Croatia,HRV,2021,Merchandise exports to low- and middle-income economies in Europe & Central Asia (% of total merchandise exports),TX.VAL.MRCH.R2.ZS,19.1252692082626
Croatia,HRV,2020,Merchandise exports to low- and middle-income economies in Europe & Central Asia (% of total merchandise exports),TX.VAL.MRCH.R2.ZS,18.7781578361063
Croatia,HRV,2019,Merchandise exports to low- and middle-income economies in Europe & Central Asia (% of total merchandise exports),TX.VAL.MRCH.R2.ZS,19.7788417601604
Croatia,HRV,2018,Merchandise exports to low- and middle-income economies in Europe & Central Asia (% of total merchandise exports),TX.VAL.MRCH.R2.ZS,18.6078828016176
Croatia,HRV,2017,Merchandise exports to low- and middle-income economies in Europe & Central Asia (% of total merchandise exports),TX.VAL.MRCH.R2.ZS,19.5990583220768
Croatia,HRV,2016,Merchandise exports to low- and middle-income economies in Europe & Central Asia (% of total merchandise exports),TX.VAL.MRCH.R2.ZS,18.2514698993719
Croatia,HRV,2015,Merchandise exports to low- and middle-income economies in Europe & Central Asia (% of total merchandise exports),TX.VAL.MRCH.R2.ZS,19.8767537955274
Croatia,HRV,2014,Merchandise exports to low- and middle-income economies in Europe & Central Asia (% of total merchandise exports),TX.VAL.MRCH.R2.ZS,22.5049994705273
Croatia,HRV,2013,Merchandise exports to low- and middle-income economies in Europe & Central Asia (% of total merchandise exports),TX.VAL.MRCH.R2.ZS,21.937642992969
Croatia,HRV,2012,Merchandise exports to low- and middle-income economies in Europe & Central Asia (% of total merchandise exports),TX.VAL.MRCH.R2.ZS,23.7389256245426
Croatia,HRV,2011,Merchandise exports to low- and middle-income economies in Europe & Central Asia (% of total merchandise exports),TX.VAL.MRCH.R2.ZS,21.8604937335428
Croatia,HRV,2010,Merchandise exports to low- and middle-income economies in Europe & Central Asia (% of total merchandise exports),TX.VAL.MRCH.R2.ZS,20.6222611916651
Croatia,HRV,2009,Merchandise exports to low- and middle-income economies in Europe & Central Asia (% of total merchandise exports),TX.VAL.MRCH.R2.ZS,23.5649755362889
Croatia,HRV,2008,Merchandise exports to low- and middle-income economies in Europe & Central Asia (% of total merchandise exports),TX.VAL.MRCH.R2.ZS,25.0512460228415
Croatia,HRV,2007,Merchandise exports to low- and middle-income economies in Europe & Central Asia (% of total merchandise exports),TX.VAL.MRCH.R2.ZS,23.6603981779201
Croatia,HRV,2006,Merchandise exports to low- and middle-income economies in Europe & Central Asia (% of total merchandise exports),TX.VAL.MRCH.R2.ZS,16.1798202356779
Croatia,HRV,2005,Merchandise exports to low- and middle-income economies in Europe & Central Asia (% of total merchandise exports),TX.VAL.MRCH.R2.ZS,17.7824343087462
Croatia,HRV,2004,Merchandise exports to low- and middle-income economies in Europe & Central Asia (% of total merchandise exports),TX.VAL.MRCH.R2.ZS,17.8978361185504
Croatia,HRV,2003,Merchandise exports to low- and middle-income economies in Europe & Central Asia (% of total merchandise exports),TX.VAL.MRCH.R2.ZS,17.5393590624055
Croatia,HRV,2002,Merchandise exports to low- and middle-income economies in Europe & Central Asia (% of total merchandise exports),TX.VAL.MRCH.R2.ZS,17.2394982919729
Croatia,HRV,2001,Merchandise exports to low- and middle-income economies in Europe & Central Asia (% of total merchandise exports),TX.VAL.MRCH.R2.ZS,14.8277033954454
Croatia,HRV,2000,Merchandise exports to low- and middle-income economies in Europe & Central Asia (% of total merchandise exports),TX.VAL.MRCH.R2.ZS,14.3453003926843
Croatia,HRV,1999,Merchandise exports to low- and middle-income economies in Europe & Central Asia (% of total merchandise exports),TX.VAL.MRCH.R2.ZS,15.7219216946293
Croatia,HRV,1998,Merchandise exports to low- and middle-income economies in Europe & Central Asia (% of total merchandise exports),TX.VAL.MRCH.R2.ZS,17.3119101353415
Croatia,HRV,1997,Merchandise exports to low- and middle-income economies in Europe & Central Asia (% of total merchandise exports),TX.VAL.MRCH.R2.ZS,18.043458825633
Croatia,HRV,1996,Merchandise exports to low- and middle-income economies in Europe & Central Asia (% of total merchandise exports),TX.VAL.MRCH.R2.ZS,14.7935911299152
Croatia,HRV,1995,Merchandise exports to low- and middle-income economies in Europe & Central Asia (% of total merchandise exports),TX.VAL.MRCH.R2.ZS,10.7301349201196
Croatia,HRV,1994,Merchandise exports to low- and middle-income economies in Europe & Central Asia (% of total merchandise exports),TX.VAL.MRCH.R2.ZS,10.7433878089862
Croatia,HRV,1993,Merchandise exports to low- and middle-income economies in Europe & Central Asia (% of total merchandise exports),TX.VAL.MRCH.R2.ZS,8.01515466088281
Croatia,HRV,2023,Merchandise exports to low- and middle-income economies in Latin America & the Caribbean (% of total merchandise exports),TX.VAL.MRCH.R3.ZS,0.468783036226356
Croatia,HRV,2022,Merchandise exports to low- and middle-income economies in Latin America & the Caribbean (% of total merchandise exports),TX.VAL.MRCH.R3.ZS,0.175039507443264
Croatia,HRV,2021,Merchandise exports to low- and middle-income economies in Latin America & the Caribbean (% of total merchandise exports),TX.VAL.MRCH.R3.ZS,0.201125921584501
Croatia,HRV,2020,Merchandise exports to low- and middle-income economies in Latin America & the Caribbean (% of total merchandise exports),TX.VAL.MRCH.R3.ZS,0.203405709986213
Croatia,HRV,2019,Merchandise exports to low- and middle-income economies in Latin America & the Caribbean (% of total merchandise exports),TX.VAL.MRCH.R3.ZS,0.232551338537077
Croatia,HRV,2018,Merchandise exports to low- and middle-income economies in Latin America & the Caribbean (% of total merchandise exports),TX.VAL.MRCH.R3.ZS,0.298242167740444
Croatia,HRV,2017,Merchandise exports to low- and middle-income economies in Latin America & the Caribbean (% of total merchandise exports),TX.VAL.MRCH.R3.ZS,0.254141268887516
Croatia,HRV,2016,Merchandise exports to low- and middle-income economies in Latin America & the Caribbean (% of total merchandise exports),TX.VAL.MRCH.R3.ZS,0.25434839184631
Croatia,HRV,2015,Merchandise exports to low- and middle-income economies in Latin America & the Caribbean (% of total merchandise exports),TX.VAL.MRCH.R3.ZS,0.57151991395528
Croatia,HRV,2014,Merchandise exports to low- and middle-income economies in Latin America & the Caribbean (% of total merchandise exports),TX.VAL.MRCH.R3.ZS,0.741268995501254
Croatia,HRV,2013,Merchandise exports to low- and middle-income economies in Latin America & the Caribbean (% of total merchandise exports),TX.VAL.MRCH.R3.ZS,0.591456687788838
Croatia,HRV,2012,Merchandise exports to low- and middle-income economies in Latin America & the Caribbean (% of total merchandise exports),TX.VAL.MRCH.R3.ZS,0.396046397527545
Croatia,HRV,2011,Merchandise exports to low- and middle-income economies in Latin America & the Caribbean (% of total merchandise exports),TX.VAL.MRCH.R3.ZS,0.445411651164902
Croatia,HRV,2010,Merchandise exports to low- and middle-income economies in Latin America & the Caribbean (% of total merchandise exports),TX.VAL.MRCH.R3.ZS,0.364983332654196
Croatia,HRV,2009,Merchandise exports to low- and middle-income economies in Latin America & the Caribbean (% of total merchandise exports),TX.VAL.MRCH.R3.ZS,0.246846054965053
Croatia,HRV,2008,Merchandise exports to low- and middle-income economies in Latin America & the Caribbean (% of total merchandise exports),TX.VAL.MRCH.R3.ZS,0.198641244958082
Croatia,HRV,2007,Merchandise exports to low- and middle-income economies in Latin America & the Caribbean (% of total merchandise exports),TX.VAL.MRCH.R3.ZS,0.18143733045388
Croatia,HRV,2006,Merchandise exports to low- and middle-income economies in Latin America & the Caribbean (% of total merchandise exports),TX.VAL.MRCH.R3.ZS,0.217561291858565
Croatia,HRV,2005,Merchandise exports to low- and middle-income economies in Latin America & the Caribbean (% of total merchandise exports),TX.VAL.MRCH.R3.ZS,0.281878070368688
Croatia,HRV,2004,Merchandise exports to low- and middle-income economies in Latin America & the Caribbean (% of total merchandise exports),TX.VAL.MRCH.R3.ZS,0.122246513157685
Croatia,HRV,2003,Merchandise exports to low- and middle-income economies in Latin America & the Caribbean (% of total merchandise exports),TX.VAL.MRCH.R3.ZS,0.240430455693626
Croatia,HRV,2002,Merchandise exports to low- and middle-income economies in Latin America & the Caribbean (% of total merchandise exports),TX.VAL.MRCH.R3.ZS,0.207816364681335
Croatia,HRV,2001,Merchandise exports to low- and middle-income economies in Latin America & the Caribbean (% of total merchandise exports),TX.VAL.MRCH.R3.ZS,0.338390315931709
Croatia,HRV,2000,Merchandise exports to low- and middle-income economies in Latin America & the Caribbean (% of total merchandise exports),TX.VAL.MRCH.R3.ZS,0.357023422878045
Croatia,HRV,1999,Merchandise exports to low- and middle-income economies in Latin America & the Caribbean (% of total merchandise exports),TX.VAL.MRCH.R3.ZS,0.133073123433979
Croatia,HRV,1998,Merchandise exports to low- and middle-income economies in Latin America & the Caribbean (% of total merchandise exports),TX.VAL.MRCH.R3.ZS,0.150640498523308
Croatia,HRV,1997,Merchandise exports to low- and middle-income economies in Latin America & the Caribbean (% of total merchandise exports),TX.VAL.MRCH.R3.ZS,0.274323249718854
Croatia,HRV,1996,Merchandise exports to low- and middle-income economies in Latin America & the Caribbean (% of total merchandise exports),TX.VAL.MRCH.R3.ZS,0.290004293862025
Croatia,HRV,1995,Merchandise exports to low- and middle-income economies in Latin America & the Caribbean (% of total merchandise exports),TX.VAL.MRCH.R3.ZS,0.416343991175869
Croatia,HRV,1994,Merchandise exports to low- and middle-income economies in Latin America & the Caribbean (% of total merchandise exports),TX.VAL.MRCH.R3.ZS,0.584826102790549
Croatia,HRV,2023,Merchandise exports to low- and middle-income economies in Middle East & North Africa (% of total merchandise exports),TX.VAL.MRCH.R4.ZS,1.235416393345
Croatia,HRV,2022,Merchandise exports to low- and middle-income economies in Middle East & North Africa (% of total merchandise exports),TX.VAL.MRCH.R4.ZS,1.18150439302692
Croatia,HRV,2021,Merchandise exports to low- and middle-income economies in Middle East & North Africa (% of total merchandise exports),TX.VAL.MRCH.R4.ZS,1.08573093741285
Croatia,HRV,2020,Merchandise exports to low- and middle-income economies in Middle East & North Africa (% of total merchandise exports),TX.VAL.MRCH.R4.ZS,1.49488339993675
Croatia,HRV,2019,Merchandise exports to low- and middle-income economies in Middle East & North Africa (% of total merchandise exports),TX.VAL.MRCH.R4.ZS,1.37573783684049
Croatia,HRV,2018,Merchandise exports to low- and middle-income economies in Middle East & North Africa (% of total merchandise exports),TX.VAL.MRCH.R4.ZS,2.18340429841394
Croatia,HRV,2017,Merchandise exports to low- and middle-income economies in Middle East & North Africa (% of total merchandise exports),TX.VAL.MRCH.R4.ZS,2.71308603160037
Croatia,HRV,2016,Merchandise exports to low- and middle-income economies in Middle East & North Africa (% of total merchandise exports),TX.VAL.MRCH.R4.ZS,2.26494105401979
Croatia,HRV,2015,Merchandise exports to low- and middle-income economies in Middle East & North Africa (% of total merchandise exports),TX.VAL.MRCH.R4.ZS,2.58065285994212
Croatia,HRV,2014,Merchandise exports to low- and middle-income economies in Middle East & North Africa (% of total merchandise exports),TX.VAL.MRCH.R4.ZS,2.56886015370294
Croatia,HRV,2013,Merchandise exports to low- and middle-income economies in Middle East & North Africa (% of total merchandise exports),TX.VAL.MRCH.R4.ZS,2.6810130604146
Croatia,HRV,2012,Merchandise exports to low- and middle-income economies in Middle East & North Africa (% of total merchandise exports),TX.VAL.MRCH.R4.ZS,3.73659453288672
Croatia,HRV,2011,Merchandise exports to low- and middle-income economies in Middle East & North Africa (% of total merchandise exports),TX.VAL.MRCH.R4.ZS,2.38918578080753
Croatia,HRV,2010,Merchandise exports to low- and middle-income economies in Middle East & North Africa (% of total merchandise exports),TX.VAL.MRCH.R4.ZS,2.63134380407071
Croatia,HRV,2009,Merchandise exports to low- and middle-income economies in Middle East & North Africa (% of total merchandise exports),TX.VAL.MRCH.R4.ZS,2.61011783988131
Croatia,HRV,2008,Merchandise exports to low- and middle-income economies in Middle East & North Africa (% of total merchandise exports),TX.VAL.MRCH.R4.ZS,1.26302229703917
Croatia,HRV,2007,Merchandise exports to low- and middle-income economies in Middle East & North Africa (% of total merchandise exports),TX.VAL.MRCH.R4.ZS,1.00679321266005
Croatia,HRV,2006,Merchandise exports to low- and middle-income economies in Middle East & North Africa (% of total merchandise exports),TX.VAL.MRCH.R4.ZS,1.71355109439531
Croatia,HRV,2005,Merchandise exports to low- and middle-income economies in Middle East & North Africa (% of total merchandise exports),TX.VAL.MRCH.R4.ZS,1.76314727777849
Croatia,HRV,2004,Merchandise exports to low- and middle-income economies in Middle East & North Africa (% of total merchandise exports),TX.VAL.MRCH.R4.ZS,0.935224759825554
Croatia,HRV,2003,Merchandise exports to low- and middle-income economies in Middle East & North Africa (% of total merchandise exports),TX.VAL.MRCH.R4.ZS,0.768616181178577
Croatia,HRV,2002,Merchandise exports to low- and middle-income economies in Middle East & North Africa (% of total merchandise exports),TX.VAL.MRCH.R4.ZS,0.99797474516612
Croatia,HRV,2001,Merchandise exports to low- and middle-income economies in Middle East & North Africa (% of total merchandise exports),TX.VAL.MRCH.R4.ZS,1.19327283030321
Croatia,HRV,2000,Merchandise exports to low- and middle-income economies in Middle East & North Africa (% of total merchandise exports),TX.VAL.MRCH.R4.ZS,1.09448075264504
Croatia,HRV,1999,Merchandise exports to low- and middle-income economies in Middle East & North Africa (% of total merchandise exports),TX.VAL.MRCH.R4.ZS,0.823668217537455
Croatia,HRV,1998,Merchandise exports to low- and middle-income economies in Middle East & North Africa (% of total merchandise exports),TX.VAL.MRCH.R4.ZS,1.29103974651857
Croatia,HRV,1997,Merchandise exports to low- and middle-income economies in Middle East & North Africa (% of total merchandise exports),TX.VAL.MRCH.R4.ZS,0.858730584454388
Croatia,HRV,1996,Merchandise exports to low- and middle-income economies in Middle East & North Africa (% of total merchandise exports),TX.VAL.MRCH.R4.ZS,0.918122121032955
Croatia,HRV,1995,Merchandise exports to low- and middle-income economies in Middle East & North Africa (% of total merchandise exports),TX.VAL.MRCH.R4.ZS,1.31217976681947
Croatia,HRV,1994,Merchandise exports to low- and middle-income economies in Middle East & North Africa (% of total merchandise exports),TX.VAL.MRCH.R4.ZS,0.678432421359312
Croatia,HRV,2023,Merchandise exports to low- and middle-income economies in South Asia (% of total merchandise exports),TX.VAL.MRCH.R5.ZS,0.170299883501739
Croatia,HRV,2022,Merchandise exports to low- and middle-income economies in South Asia (% of total merchandise exports),TX.VAL.MRCH.R5.ZS,0.163697477070178
Croatia,HRV,2021,Merchandise exports to low- and middle-income economies in South Asia (% of total merchandise exports),TX.VAL.MRCH.R5.ZS,0.198431581206141
Croatia,HRV,2020,Merchandise exports to low- and middle-income economies in South Asia (% of total merchandise exports),TX.VAL.MRCH.R5.ZS,0.19928742804917
Croatia,HRV,2019,Merchandise exports to low- and middle-income economies in South Asia (% of total merchandise exports),TX.VAL.MRCH.R5.ZS,0.303482891292451
Croatia,HRV,2018,Merchandise exports to low- and middle-income economies in South Asia (% of total merchandise exports),TX.VAL.MRCH.R5.ZS,0.121922249329908
Croatia,HRV,2017,Merchandise exports to low- and middle-income economies in South Asia (% of total merchandise exports),TX.VAL.MRCH.R5.ZS,0.191043182992911
Croatia,HRV,2016,Merchandise exports to low- and middle-income economies in South Asia (% of total merchandise exports),TX.VAL.MRCH.R5.ZS,0.183552256794861
Croatia,HRV,2015,Merchandise exports to low- and middle-income economies in South Asia (% of total merchandise exports),TX.VAL.MRCH.R5.ZS,0.227685334849295
Croatia,HRV,2014,Merchandise exports to low- and middle-income economies in South Asia (% of total merchandise exports),TX.VAL.MRCH.R5.ZS,0.222792751243088
Croatia,HRV,2013,Merchandise exports to low- and middle-income economies in South Asia (% of total merchandise exports),TX.VAL.MRCH.R5.ZS,0.289787431366792
Croatia,HRV,2012,Merchandise exports to low- and middle-income economies in South Asia (% of total merchandise exports),TX.VAL.MRCH.R5.ZS,0.314250860656829
Croatia,HRV,2011,Merchandise exports to low- and middle-income economies in South Asia (% of total merchandise exports),TX.VAL.MRCH.R5.ZS,0.565322639530698
Croatia,HRV,2010,Merchandise exports to low- and middle-income economies in South Asia (% of total merchandise exports),TX.VAL.MRCH.R5.ZS,0.356402073252131
Croatia,HRV,2009,Merchandise exports to low- and middle-income economies in South Asia (% of total merchandise exports),TX.VAL.MRCH.R5.ZS,0.433528262938176
Croatia,HRV,2008,Merchandise exports to low- and middle-income economies in South Asia (% of total merchandise exports),TX.VAL.MRCH.R5.ZS,0.16021405277248
Croatia,HRV,2007,Merchandise exports to low- and middle-income economies in South Asia (% of total merchandise exports),TX.VAL.MRCH.R5.ZS,0.134364370219024
Croatia,HRV,2006,Merchandise exports to low- and middle-income economies in South Asia (% of total merchandise exports),TX.VAL.MRCH.R5.ZS,0.106925714770985
Croatia,HRV,2005,Merchandise exports to low- and middle-income economies in South Asia (% of total merchandise exports),TX.VAL.MRCH.R5.ZS,0.0560795591239809
Croatia,HRV,2004,Merchandise exports to low- and middle-income economies in South Asia (% of total merchandise exports),TX.VAL.MRCH.R5.ZS,0.0931455132450465
Croatia,HRV,2003,Merchandise exports to low- and middle-income economies in South Asia (% of total merchandise exports),TX.VAL.MRCH.R5.ZS,0.200056554627165
Croatia,HRV,2002,Merchandise exports to low- and middle-income economies in South Asia (% of total merchandise exports),TX.VAL.MRCH.R5.ZS,0.0905727147384976
Croatia,HRV,2001,Merchandise exports to low- and middle-income economies in South Asia (% of total merchandise exports),TX.VAL.MRCH.R5.ZS,0.530190543149893
Croatia,HRV,2000,Merchandise exports to low- and middle-income economies in South Asia (% of total merchandise exports),TX.VAL.MRCH.R5.ZS,0.0675677764122656
Croatia,HRV,1999,Merchandise exports to low- and middle-income economies in South Asia (% of total merchandise exports),TX.VAL.MRCH.R5.ZS,0.0442752585403016
Croatia,HRV,1998,Merchandise exports to low- and middle-income economies in South Asia (% of total merchandise exports),TX.VAL.MRCH.R5.ZS,0.0601179971171002
Croatia,HRV,1997,Merchandise exports to low- and middle-income economies in South Asia (% of total merchandise exports),TX.VAL.MRCH.R5.ZS,0.109399923772956
Croatia,HRV,1996,Merchandise exports to low- and middle-income economies in South Asia (% of total merchandise exports),TX.VAL.MRCH.R5.ZS,0.246616054547784
Croatia,HRV,1995,Merchandise exports to low- and middle-income economies in South Asia (% of total merchandise exports),TX.VAL.MRCH.R5.ZS,0.197374986762497
Croatia,HRV,1994,Merchandise exports to low- and middle-income economies in South Asia (% of total merchandise exports),TX.VAL.MRCH.R5.ZS,0.0804947952231378
Croatia,HRV,2023,Merchandise exports to low- and middle-income economies in Sub-Saharan Africa (% of total merchandise exports),TX.VAL.MRCH.R6.ZS,0.327279277671247
Croatia,HRV,2022,Merchandise exports to low- and middle-income economies in Sub-Saharan Africa (% of total merchandise exports),TX.VAL.MRCH.R6.ZS,0.255718943313736
Croatia,HRV,2021,Merchandise exports to low- and middle-income economies in Sub-Saharan Africa (% of total merchandise exports),TX.VAL.MRCH.R6.ZS,0.252911980526186
Croatia,HRV,2020,Merchandise exports to low- and middle-income economies in Sub-Saharan Africa (% of total merchandise exports),TX.VAL.MRCH.R6.ZS,0.268341715209551
Croatia,HRV,2019,Merchandise exports to low- and middle-income economies in Sub-Saharan Africa (% of total merchandise exports),TX.VAL.MRCH.R6.ZS,0.386955735261503
Croatia,HRV,2018,Merchandise exports to low- and middle-income economies in Sub-Saharan Africa (% of total merchandise exports),TX.VAL.MRCH.R6.ZS,0.265500597847609
Croatia,HRV,2017,Merchandise exports to low- and middle-income economies in Sub-Saharan Africa (% of total merchandise exports),TX.VAL.MRCH.R6.ZS,0.350563558800205
Croatia,HRV,2016,Merchandise exports to low- and middle-income economies in Sub-Saharan Africa (% of total merchandise exports),TX.VAL.MRCH.R6.ZS,0.532017635029132
Croatia,HRV,2015,Merchandise exports to low- and middle-income economies in Sub-Saharan Africa (% of total merchandise exports),TX.VAL.MRCH.R6.ZS,0.415396132029687
Croatia,HRV,2014,Merchandise exports to low- and middle-income economies in Sub-Saharan Africa (% of total merchandise exports),TX.VAL.MRCH.R6.ZS,0.57387856940119
Croatia,HRV,2013,Merchandise exports to low- and middle-income economies in Sub-Saharan Africa (% of total merchandise exports),TX.VAL.MRCH.R6.ZS,0.893694426634092
Croatia,HRV,2012,Merchandise exports to low- and middle-income economies in Sub-Saharan Africa (% of total merchandise exports),TX.VAL.MRCH.R6.ZS,1.05788168811112
Croatia,HRV,2011,Merchandise exports to low- and middle-income economies in Sub-Saharan Africa (% of total merchandise exports),TX.VAL.MRCH.R6.ZS,2.20273003341267
Croatia,HRV,2010,Merchandise exports to low- and middle-income economies in Sub-Saharan Africa (% of total merchandise exports),TX.VAL.MRCH.R6.ZS,1.97130498961684
Croatia,HRV,2009,Merchandise exports to low- and middle-income economies in Sub-Saharan Africa (% of total merchandise exports),TX.VAL.MRCH.R6.ZS,1.54926237023008
Croatia,HRV,2008,Merchandise exports to low- and middle-income economies in Sub-Saharan Africa (% of total merchandise exports),TX.VAL.MRCH.R6.ZS,0.919419603333553
Croatia,HRV,2007,Merchandise exports to low- and middle-income economies in Sub-Saharan Africa (% of total merchandise exports),TX.VAL.MRCH.R6.ZS,0.697516991088406
Croatia,HRV,2006,Merchandise exports to low- and middle-income economies in Sub-Saharan Africa (% of total merchandise exports),TX.VAL.MRCH.R6.ZS,1.6584581157104
Croatia,HRV,2005,Merchandise exports to low- and middle-income economies in Sub-Saharan Africa (% of total merchandise exports),TX.VAL.MRCH.R6.ZS,3.6803459616245
Croatia,HRV,2004,Merchandise exports to low- and middle-income economies in Sub-Saharan Africa (% of total merchandise exports),TX.VAL.MRCH.R6.ZS,3.66443524110162
Croatia,HRV,2003,Merchandise exports to low- and middle-income economies in Sub-Saharan Africa (% of total merchandise exports),TX.VAL.MRCH.R6.ZS,1.87340623279576
Croatia,HRV,2002,Merchandise exports to low- and middle-income economies in Sub-Saharan Africa (% of total merchandise exports),TX.VAL.MRCH.R6.ZS,4.39536488529024
Croatia,HRV,2001,Merchandise exports to low- and middle-income economies in Sub-Saharan Africa (% of total merchandise exports),TX.VAL.MRCH.R6.ZS,3.30555390177632
Croatia,HRV,2000,Merchandise exports to low- and middle-income economies in Sub-Saharan Africa (% of total merchandise exports),TX.VAL.MRCH.R6.ZS,5.71000106423686
Croatia,HRV,1999,Merchandise exports to low- and middle-income economies in Sub-Saharan Africa (% of total merchandise exports),TX.VAL.MRCH.R6.ZS,4.28777433964318
Croatia,HRV,1998,Merchandise exports to low- and middle-income economies in Sub-Saharan Africa (% of total merchandise exports),TX.VAL.MRCH.R6.ZS,7.34752486604743
Croatia,HRV,1997,Merchandise exports to low- and middle-income economies in Sub-Saharan Africa (% of total merchandise exports),TX.VAL.MRCH.R6.ZS,3.09260644730217
Croatia,HRV,1996,Merchandise exports to low- and middle-income economies in Sub-Saharan Africa (% of total merchandise exports),TX.VAL.MRCH.R6.ZS,6.22317741293689
Croatia,HRV,1995,Merchandise exports to low- and middle-income economies in Sub-Saharan Africa (% of total merchandise exports),TX.VAL.MRCH.R6.ZS,2.59367903227423
Croatia,HRV,1994,Merchandise exports to low- and middle-income economies in Sub-Saharan Africa (% of total merchandise exports),TX.VAL.MRCH.R6.ZS,1.74805295063808
Croatia,HRV,2023,"Merchandise exports by the reporting economy, residual (% of total merchandise exports)",TX.VAL.MRCH.RS.ZS,0.00229280081697155
Croatia,HRV,2022,"Merchandise exports by the reporting economy, residual (% of total merchandise exports)",TX.VAL.MRCH.RS.ZS,0.000122765129720857
Croatia,HRV,2021,"Merchandise exports by the reporting economy, residual (% of total merchandise exports)",TX.VAL.MRCH.RS.ZS,0.000794865986588384
Croatia,HRV,2020,"Merchandise exports by the reporting economy, residual (% of total merchandise exports)",TX.VAL.MRCH.RS.ZS,4.55670224630891e-05
Croatia,HRV,2019,"Merchandise exports by the reporting economy, residual (% of total merchandise exports)",TX.VAL.MRCH.RS.ZS,5.50120834079517e-05
Croatia,HRV,2018,"Merchandise exports by the reporting economy, residual (% of total merchandise exports)",TX.VAL.MRCH.RS.ZS,5.96156121549748e-05
Croatia,HRV,2017,"Merchandise exports by the reporting economy, residual (% of total merchandise exports)",TX.VAL.MRCH.RS.ZS,0.00898236068920535
Croatia,HRV,2016,"Merchandise exports by the reporting economy, residual (% of total merchandise exports)",TX.VAL.MRCH.RS.ZS,0.0137049874925869
Croatia,HRV,2015,"Merchandise exports by the reporting economy, residual (% of total merchandise exports)",TX.VAL.MRCH.RS.ZS,2.04515278517308e-05
Croatia,HRV,2014,"Merchandise exports by the reporting economy, residual (% of total merchandise exports)",TX.VAL.MRCH.RS.ZS,0.00112311683986465
Croatia,HRV,2013,"Merchandise exports by the reporting economy, residual (% of total merchandise exports)",TX.VAL.MRCH.RS.ZS,0.00102121625641235
Croatia,HRV,2012,"Merchandise exports by the reporting economy, residual (% of total merchandise exports)",TX.VAL.MRCH.RS.ZS,0.00303003324484131
Croatia,HRV,2011,"Merchandise exports by the reporting economy, residual (% of total merchandise exports)",TX.VAL.MRCH.RS.ZS,0.00010462271053013
Croatia,HRV,2010,"Merchandise exports by the reporting economy, residual (% of total merchandise exports)",TX.VAL.MRCH.RS.ZS,6.87787768402022e-05
Croatia,HRV,2009,"Merchandise exports by the reporting economy, residual (% of total merchandise exports)",TX.VAL.MRCH.RS.ZS,0.00154987884166296
Croatia,HRV,2008,"Merchandise exports by the reporting economy, residual (% of total merchandise exports)",TX.VAL.MRCH.RS.ZS,0.000708314499148264
Croatia,HRV,2007,"Merchandise exports by the reporting economy, residual (% of total merchandise exports)",TX.VAL.MRCH.RS.ZS,0.00161710142363484
Croatia,HRV,2006,"Merchandise exports by the reporting economy, residual (% of total merchandise exports)",TX.VAL.MRCH.RS.ZS,0.00350597668136443
Croatia,HRV,2005,"Merchandise exports by the reporting economy, residual (% of total merchandise exports)",TX.VAL.MRCH.RS.ZS,0.00322148215862646
Croatia,HRV,2004,"Merchandise exports by the reporting economy, residual (% of total merchandise exports)",TX.VAL.MRCH.RS.ZS,0.00657283260261312
Croatia,HRV,2003,"Merchandise exports by the reporting economy, residual (% of total merchandise exports)",TX.VAL.MRCH.RS.ZS,0.00861062277848458
Croatia,HRV,2002,"Merchandise exports by the reporting economy, residual (% of total merchandise exports)",TX.VAL.MRCH.RS.ZS,0.0100375797332529
Croatia,HRV,2001,"Merchandise exports by the reporting economy, residual (% of total merchandise exports)",TX.VAL.MRCH.RS.ZS,0.0033539874364069
Croatia,HRV,2000,"Merchandise exports by the reporting economy, residual (% of total merchandise exports)",TX.VAL.MRCH.RS.ZS,0.00553981442790713
Croatia,HRV,1999,"Merchandise exports by the reporting economy, residual (% of total merchandise exports)",TX.VAL.MRCH.RS.ZS,0.0190457816067219
Croatia,HRV,1998,"Merchandise exports by the reporting economy, residual (% of total merchandise exports)",TX.VAL.MRCH.RS.ZS,0.00852247468709849
Croatia,HRV,1997,"Merchandise exports by the reporting economy, residual (% of total merchandise exports)",TX.VAL.MRCH.RS.ZS,0.00870494017118147
Croatia,HRV,1996,"Merchandise exports by the reporting economy, residual (% of total merchandise exports)",TX.VAL.MRCH.RS.ZS,0.127467003581216
Croatia,HRV,1995,"Merchandise exports by the reporting economy, residual (% of total merchandise exports)",TX.VAL.MRCH.RS.ZS,0.00254944507078959
Croatia,HRV,1994,"Merchandise exports by the reporting economy, residual (% of total merchandise exports)",TX.VAL.MRCH.RS.ZS,0.0104086053322295
Croatia,HRV,1993,"Merchandise exports by the reporting economy, residual (% of total merchandise exports)",TX.VAL.MRCH.RS.ZS,0
Croatia,HRV,2023,Merchandise exports by the reporting economy (current US$),TX.VAL.MRCH.WL.CD,24905826785
Croatia,HRV,2022,Merchandise exports by the reporting economy (current US$),TX.VAL.MRCH.WL.CD,25429044934
Croatia,HRV,2021,Merchandise exports by the reporting economy (current US$),TX.VAL.MRCH.WL.CD,21855256475
Croatia,HRV,2020,Merchandise exports by the reporting economy (current US$),TX.VAL.MRCH.WL.CD,17176895871
Croatia,HRV,2019,Merchandise exports by the reporting economy (current US$),TX.VAL.MRCH.WL.CD,17147141896
Croatia,HRV,2018,Merchandise exports by the reporting economy (current US$),TX.VAL.MRCH.WL.CD,17374643362
Croatia,HRV,2017,Merchandise exports by the reporting economy (current US$),TX.VAL.MRCH.WL.CD,15940074659
Croatia,HRV,2016,Merchandise exports by the reporting economy (current US$),TX.VAL.MRCH.WL.CD,13781143551
Croatia,HRV,2015,Merchandise exports by the reporting economy (current US$),TX.VAL.MRCH.WL.CD,12854785320
Croatia,HRV,2014,Merchandise exports by the reporting economy (current US$),TX.VAL.MRCH.WL.CD,13794913806
Croatia,HRV,2013,Merchandise exports by the reporting economy (current US$),TX.VAL.MRCH.WL.CD,12591946044
Croatia,HRV,2012,Merchandise exports by the reporting economy (current US$),TX.VAL.MRCH.WL.CD,12173892832
Croatia,HRV,2011,Merchandise exports by the reporting economy (current US$),TX.VAL.MRCH.WL.CD,13276276192
Croatia,HRV,2010,Merchandise exports by the reporting economy (current US$),TX.VAL.MRCH.WL.CD,11698376112
Croatia,HRV,2009,Merchandise exports by the reporting economy (current US$),TX.VAL.MRCH.WL.CD,10465205127
Croatia,HRV,2008,Merchandise exports by the reporting economy (current US$),TX.VAL.MRCH.WL.CD,14063244522
Croatia,HRV,2007,Merchandise exports by the reporting economy (current US$),TX.VAL.MRCH.WL.CD,12364777934
Croatia,HRV,2006,Merchandise exports by the reporting economy (current US$),TX.VAL.MRCH.WL.CD,9856996535
Croatia,HRV,2005,Merchandise exports by the reporting economy (current US$),TX.VAL.MRCH.WL.CD,8371891779
Croatia,HRV,2004,Merchandise exports by the reporting economy (current US$),TX.VAL.MRCH.WL.CD,7642002016
Croatia,HRV,2003,Merchandise exports by the reporting economy (current US$),TX.VAL.MRCH.WL.CD,5990565529
Croatia,HRV,2002,Merchandise exports by the reporting economy (current US$),TX.VAL.MRCH.WL.CD,4736091893
Croatia,HRV,2001,Merchandise exports by the reporting economy (current US$),TX.VAL.MRCH.WL.CD,4431382133
Croatia,HRV,2000,Merchandise exports by the reporting economy (current US$),TX.VAL.MRCH.WL.CD,4305216413
Croatia,HRV,1999,Merchandise exports by the reporting economy (current US$),TX.VAL.MRCH.WL.CD,4042890000
Croatia,HRV,1998,Merchandise exports by the reporting economy (current US$),TX.VAL.MRCH.WL.CD,4341462000
Croatia,HRV,1997,Merchandise exports by the reporting economy (current US$),TX.VAL.MRCH.WL.CD,4250460000
Croatia,HRV,1996,Merchandise exports by the reporting economy (current US$),TX.VAL.MRCH.WL.CD,4448210000
Croatia,HRV,1995,Merchandise exports by the reporting economy (current US$),TX.VAL.MRCH.WL.CD,4589234000
Croatia,HRV,1994,Merchandise exports by the reporting economy (current US$),TX.VAL.MRCH.WL.CD,4217664000
Croatia,HRV,1993,Merchandise exports by the reporting economy (current US$),TX.VAL.MRCH.WL.CD,3395655000
Croatia,HRV,2023,Merchandise exports to low- and middle-income economies within region (% of total merchandise exports),TX.VAL.MRCH.WR.ZS,21.4425292245925
Croatia,HRV,2022,Merchandise exports to low- and middle-income economies within region (% of total merchandise exports),TX.VAL.MRCH.WR.ZS,21.3009465438385
Croatia,HRV,2021,Merchandise exports to low- and middle-income economies within region (% of total merchandise exports),TX.VAL.MRCH.WR.ZS,19.1252692082626
Croatia,HRV,2020,Merchandise exports to low- and middle-income economies within region (% of total merchandise exports),TX.VAL.MRCH.WR.ZS,18.7781578361063
Croatia,HRV,2019,Merchandise exports to low- and middle-income economies within region (% of total merchandise exports),TX.VAL.MRCH.WR.ZS,19.7788417601604
Croatia,HRV,2018,Merchandise exports to low- and middle-income economies within region (% of total merchandise exports),TX.VAL.MRCH.WR.ZS,18.6078828016176
Croatia,HRV,2017,Merchandise exports to low- and middle-income economies within region (% of total merchandise exports),TX.VAL.MRCH.WR.ZS,19.5990583220768
Croatia,HRV,2016,Merchandise exports to low- and middle-income economies within region (% of total merchandise exports),TX.VAL.MRCH.WR.ZS,18.2514698993719
Croatia,HRV,2015,Merchandise exports to low- and middle-income economies within region (% of total merchandise exports),TX.VAL.MRCH.WR.ZS,19.8767537955274
Croatia,HRV,2014,Merchandise exports to low- and middle-income economies within region (% of total merchandise exports),TX.VAL.MRCH.WR.ZS,22.5049994705273
Croatia,HRV,2013,Merchandise exports to low- and middle-income economies within region (% of total merchandise exports),TX.VAL.MRCH.WR.ZS,21.937642992969
Croatia,HRV,2012,Merchandise exports to low- and middle-income economies within region (% of total merchandise exports),TX.VAL.MRCH.WR.ZS,23.7389256245426
Croatia,HRV,2011,Merchandise exports to low- and middle-income economies within region (% of total merchandise exports),TX.VAL.MRCH.WR.ZS,21.8604937335428
Croatia,HRV,2010,Merchandise exports to low- and middle-income economies within region (% of total merchandise exports),TX.VAL.MRCH.WR.ZS,20.6222611916651
Croatia,HRV,2009,Merchandise exports to low- and middle-income economies within region (% of total merchandise exports),TX.VAL.MRCH.WR.ZS,23.5649755362889
Croatia,HRV,2008,Merchandise exports to low- and middle-income economies within region (% of total merchandise exports),TX.VAL.MRCH.WR.ZS,25.0512460228415
Croatia,HRV,2007,Merchandise exports to low- and middle-income economies within region (% of total merchandise exports),TX.VAL.MRCH.WR.ZS,23.6603981779201
Croatia,HRV,2006,Merchandise exports to low- and middle-income economies within region (% of total merchandise exports),TX.VAL.MRCH.WR.ZS,16.1798202356779
Croatia,HRV,2005,Merchandise exports to low- and middle-income economies within region (% of total merchandise exports),TX.VAL.MRCH.WR.ZS,17.7824343087462
Croatia,HRV,2004,Merchandise exports to low- and middle-income economies within region (% of total merchandise exports),TX.VAL.MRCH.WR.ZS,17.8978361185504
Croatia,HRV,2003,Merchandise exports to low- and middle-income economies within region (% of total merchandise exports),TX.VAL.MRCH.WR.ZS,17.5393590624055
Croatia,HRV,2002,Merchandise exports to low- and middle-income economies within region (% of total merchandise exports),TX.VAL.MRCH.WR.ZS,17.2394982919729
Croatia,HRV,2001,Merchandise exports to low- and middle-income economies within region (% of total merchandise exports),TX.VAL.MRCH.WR.ZS,14.8277033954454
Croatia,HRV,2000,Merchandise exports to low- and middle-income economies within region (% of total merchandise exports),TX.VAL.MRCH.WR.ZS,14.3453003926843
Croatia,HRV,1999,Merchandise exports to low- and middle-income economies within region (% of total merchandise exports),TX.VAL.MRCH.WR.ZS,15.7219216946293
Croatia,HRV,1998,Merchandise exports to low- and middle-income economies within region (% of total merchandise exports),TX.VAL.MRCH.WR.ZS,17.3119101353415
Croatia,HRV,1997,Merchandise exports to low- and middle-income economies within region (% of total merchandise exports),TX.VAL.MRCH.WR.ZS,18.043458825633
Croatia,HRV,1996,Merchandise exports to low- and middle-income economies within region (% of total merchandise exports),TX.VAL.MRCH.WR.ZS,14.7935911299152
Croatia,HRV,1995,Merchandise exports to low- and middle-income economies within region (% of total merchandise exports),TX.VAL.MRCH.WR.ZS,10.7301349201196
Croatia,HRV,1994,Merchandise exports to low- and middle-income economies within region (% of total merchandise exports),TX.VAL.MRCH.WR.ZS,10.7433878089862
Croatia,HRV,1993,Merchandise exports to low- and middle-income economies within region (% of total merchandise exports),TX.VAL.MRCH.WR.ZS,8.01515466088281
Croatia,HRV,2023,Export value index (2015 = 100),TX.VAL.MRCH.XD.WD,192.9
Croatia,HRV,2022,Export value index (2015 = 100),TX.VAL.MRCH.XD.WD,197
Croatia,HRV,2021,Export value index (2015 = 100),TX.VAL.MRCH.XD.WD,169.3
Croatia,HRV,2020,Export value index (2015 = 100),TX.VAL.MRCH.XD.WD,133
Croatia,HRV,2019,Export value index (2015 = 100),TX.VAL.MRCH.XD.WD,132.9
Croatia,HRV,2018,Export value index (2015 = 100),TX.VAL.MRCH.XD.WD,134.6
Croatia,HRV,2017,Export value index (2015 = 100),TX.VAL.MRCH.XD.WD,124.3
Croatia,HRV,2016,Export value index (2015 = 100),TX.VAL.MRCH.XD.WD,106.9
Croatia,HRV,2015,Export value index (2015 = 100),TX.VAL.MRCH.XD.WD,100
Croatia,HRV,2014,Export value index (2015 = 100),TX.VAL.MRCH.XD.WD,107
Croatia,HRV,2013,Export value index (2015 = 100),TX.VAL.MRCH.XD.WD,98
Croatia,HRV,2012,Export value index (2015 = 100),TX.VAL.MRCH.XD.WD,95.7
Croatia,HRV,2011,Export value index (2015 = 100),TX.VAL.MRCH.XD.WD,103.2
Croatia,HRV,2010,Export value index (2015 = 100),TX.VAL.MRCH.XD.WD,91.3
Croatia,HRV,2009,Export value index (2015 = 100),TX.VAL.MRCH.XD.WD,81
Croatia,HRV,2008,Export value index (2015 = 100),TX.VAL.MRCH.XD.WD,109.2
Croatia,HRV,2007,Export value index (2015 = 100),TX.VAL.MRCH.XD.WD,95.7
Croatia,HRV,2006,Export value index (2015 = 100),TX.VAL.MRCH.XD.WD,80.3
Croatia,HRV,2005,Export value index (2015 = 100),TX.VAL.MRCH.XD.WD,67.9
Croatia,HRV,2004,Export value index (2015 = 100),TX.VAL.MRCH.XD.WD,62.0823536758
Croatia,HRV,2003,Export value index (2015 = 100),TX.VAL.MRCH.XD.WD,47.8655151107
Croatia,HRV,2002,Export value index (2015 = 100),TX.VAL.MRCH.XD.WD,37.9386487753
Croatia,HRV,2001,Export value index (2015 = 100),TX.VAL.MRCH.XD.WD,36.1005092295
Croatia,HRV,2000,Export value index (2015 = 100),TX.VAL.MRCH.XD.WD,34.2869731584
Croatia,HRV,1999,Export value index (2015 = 100),TX.VAL.MRCH.XD.WD,33.2881356647
Croatia,HRV,1998,Export value index (2015 = 100),TX.VAL.MRCH.XD.WD,34.9491768774
Croatia,HRV,1997,Export value index (2015 = 100),TX.VAL.MRCH.XD.WD,30.8032662788
Croatia,HRV,1996,Export value index (2015 = 100),TX.VAL.MRCH.XD.WD,35.9263509837
Croatia,HRV,1995,Export value index (2015 = 100),TX.VAL.MRCH.XD.WD,34.9496410887
Croatia,HRV,2024,"Computer, communications and other services (% of commercial service exports)",TX.VAL.OTHR.ZS.WT,26.7584165389478
Croatia,HRV,2023,"Computer, communications and other services (% of commercial service exports)",TX.VAL.OTHR.ZS.WT,26.6128606621091
Croatia,HRV,2022,"Computer, communications and other services (% of commercial service exports)",TX.VAL.OTHR.ZS.WT,25.2226883027004
Croatia,HRV,2021,"Computer, communications and other services (% of commercial service exports)",TX.VAL.OTHR.ZS.WT,27.4323030296161
Croatia,HRV,2020,"Computer, communications and other services (% of commercial service exports)",TX.VAL.OTHR.ZS.WT,35.7751143055036
Croatia,HRV,2019,"Computer, communications and other services (% of commercial service exports)",TX.VAL.OTHR.ZS.WT,22.1159751412474
Croatia,HRV,2018,"Computer, communications and other services (% of commercial service exports)",TX.VAL.OTHR.ZS.WT,21.5890065504618
Croatia,HRV,2017,"Computer, communications and other services (% of commercial service exports)",TX.VAL.OTHR.ZS.WT,20.2905041551995
Croatia,HRV,2016,"Computer, communications and other services (% of commercial service exports)",TX.VAL.OTHR.ZS.WT,20.8311688557241
Croatia,HRV,2015,"Computer, communications and other services (% of commercial service exports)",TX.VAL.OTHR.ZS.WT,20.9186241559025
Croatia,HRV,2014,"Computer, communications and other services (% of commercial service exports)",TX.VAL.OTHR.ZS.WT,18.5887325927962
Croatia,HRV,2013,"Computer, communications and other services (% of commercial service exports)",TX.VAL.OTHR.ZS.WT,18.6995844531133
Croatia,HRV,2012,"Computer, communications and other services (% of commercial service exports)",TX.VAL.OTHR.ZS.WT,18.3413897997294
Croatia,HRV,2011,"Computer, communications and other services (% of commercial service exports)",TX.VAL.OTHR.ZS.WT,19.7550045044281
Croatia,HRV,2010,"Computer, communications and other services (% of commercial service exports)",TX.VAL.OTHR.ZS.WT,20.3512361051299
Croatia,HRV,2009,"Computer, communications and other services (% of commercial service exports)",TX.VAL.OTHR.ZS.WT,19.5639315564041
Croatia,HRV,2008,"Computer, communications and other services (% of commercial service exports)",TX.VAL.OTHR.ZS.WT,18.7680751677947
Croatia,HRV,2007,"Computer, communications and other services (% of commercial service exports)",TX.VAL.OTHR.ZS.WT,16.7469184138292
Croatia,HRV,2006,"Computer, communications and other services (% of commercial service exports)",TX.VAL.OTHR.ZS.WT,17.6863574858844
Croatia,HRV,2005,"Computer, communications and other services (% of commercial service exports)",TX.VAL.OTHR.ZS.WT,19.2025296627098
Croatia,HRV,2004,"Computer, communications and other services (% of commercial service exports)",TX.VAL.OTHR.ZS.WT,23.0134292733925
Croatia,HRV,2003,"Computer, communications and other services (% of commercial service exports)",TX.VAL.OTHR.ZS.WT,22.8961025612781
Croatia,HRV,2002,"Computer, communications and other services (% of commercial service exports)",TX.VAL.OTHR.ZS.WT,23.2695751075194
Croatia,HRV,2001,"Computer, communications and other services (% of commercial service exports)",TX.VAL.OTHR.ZS.WT,24.7409574348668
Croatia,HRV,2000,"Computer, communications and other services (% of commercial service exports)",TX.VAL.OTHR.ZS.WT,24.6833518693725
Croatia,HRV,1999,"Computer, communications and other services (% of commercial service exports)",TX.VAL.OTHR.ZS.WT,19.1491334293146
Croatia,HRV,1998,"Computer, communications and other services (% of commercial service exports)",TX.VAL.OTHR.ZS.WT,16.315736330943
Croatia,HRV,1997,"Computer, communications and other services (% of commercial service exports)",TX.VAL.OTHR.ZS.WT,19.0952154486411
Croatia,HRV,1996,"Computer, communications and other services (% of commercial service exports)",TX.VAL.OTHR.ZS.WT,14.1029433157667
Croatia,HRV,1995,"Computer, communications and other services (% of commercial service exports)",TX.VAL.OTHR.ZS.WT,6.18125536937154
Croatia,HRV,1994,"Computer, communications and other services (% of commercial service exports)",TX.VAL.OTHR.ZS.WT,6.42951995718202
Croatia,HRV,1993,"Computer, communications and other services (% of commercial service exports)",TX.VAL.OTHR.ZS.WT,10.2822974632387
Croatia,HRV,2024,Commercial service exports (current US$),TX.VAL.SERV.CD.WT,24694192904.6544
Croatia,HRV,2023,Commercial service exports (current US$),TX.VAL.SERV.CD.WT,24302204453.7001
Croatia,HRV,2022,Commercial service exports (current US$),TX.VAL.SERV.CD.WT,20345399506.0606
Croatia,HRV,2021,Commercial service exports (current US$),TX.VAL.SERV.CD.WT,16886027989.2497
Croatia,HRV,2020,Commercial service exports (current US$),TX.VAL.SERV.CD.WT,10287792288.5783
Croatia,HRV,2019,Commercial service exports (current US$),TX.VAL.SERV.CD.WT,17161769315.3407
Croatia,HRV,2018,Commercial service exports (current US$),TX.VAL.SERV.CD.WT,16270944924.606
Croatia,HRV,2017,Commercial service exports (current US$),TX.VAL.SERV.CD.WT,14817149164.9734
Croatia,HRV,2016,Commercial service exports (current US$),TX.VAL.SERV.CD.WT,13055768797.5943
Croatia,HRV,2015,Commercial service exports (current US$),TX.VAL.SERV.CD.WT,11686327488.9472
Croatia,HRV,2014,Commercial service exports (current US$),TX.VAL.SERV.CD.WT,12461131517.5329
Croatia,HRV,2013,Commercial service exports (current US$),TX.VAL.SERV.CD.WT,11645761448.6497
Croatia,HRV,2012,Commercial service exports (current US$),TX.VAL.SERV.CD.WT,12254259235.9387
Croatia,HRV,2011,Commercial service exports (current US$),TX.VAL.SERV.CD.WT,12191014777.5613
Croatia,HRV,2010,Commercial service exports (current US$),TX.VAL.SERV.CD.WT,10815219223.5568
Croatia,HRV,2009,Commercial service exports (current US$),TX.VAL.SERV.CD.WT,11435395953.6489
Croatia,HRV,2008,Commercial service exports (current US$),TX.VAL.SERV.CD.WT,14188349788.8956
Croatia,HRV,2007,Commercial service exports (current US$),TX.VAL.SERV.CD.WT,12347255275.432
Croatia,HRV,2006,Commercial service exports (current US$),TX.VAL.SERV.CD.WT,10269545586.114
Croatia,HRV,2005,Commercial service exports (current US$),TX.VAL.SERV.CD.WT,9085521481.4658
Croatia,HRV,2004,Commercial service exports (current US$),TX.VAL.SERV.CD.WT,8713232636.36153
Croatia,HRV,2003,Commercial service exports (current US$),TX.VAL.SERV.CD.WT,7596730674.96309
Croatia,HRV,2002,Commercial service exports (current US$),TX.VAL.SERV.CD.WT,5875018487.52573
Croatia,HRV,2001,Commercial service exports (current US$),TX.VAL.SERV.CD.WT,5294974493.83263
Croatia,HRV,2000,Commercial service exports (current US$),TX.VAL.SERV.CD.WT,4451237074.51567
Croatia,HRV,1999,Commercial service exports (current US$),TX.VAL.SERV.CD.WT,3761120067.79857
Croatia,HRV,1998,Commercial service exports (current US$),TX.VAL.SERV.CD.WT,4011748672.89713
Croatia,HRV,1997,Commercial service exports (current US$),TX.VAL.SERV.CD.WT,4024417051.32312
Croatia,HRV,1996,Commercial service exports (current US$),TX.VAL.SERV.CD.WT,3226834781.35543
Croatia,HRV,1995,Commercial service exports (current US$),TX.VAL.SERV.CD.WT,2223480373.92237
Croatia,HRV,1994,Commercial service exports (current US$),TX.VAL.SERV.CD.WT,2660229708.26831
Croatia,HRV,1993,Commercial service exports (current US$),TX.VAL.SERV.CD.WT,2215749941.24163
Croatia,HRV,2023,High-technology exports (current US$),TX.VAL.TECH.CD,1738860511
Croatia,HRV,2022,High-technology exports (current US$),TX.VAL.TECH.CD,1736046687
Croatia,HRV,2021,High-technology exports (current US$),TX.VAL.TECH.CD,1330725251
Croatia,HRV,2020,High-technology exports (current US$),TX.VAL.TECH.CD,1084083418
Croatia,HRV,2019,High-technology exports (current US$),TX.VAL.TECH.CD,952468476
Croatia,HRV,2018,High-technology exports (current US$),TX.VAL.TECH.CD,1011950033
Croatia,HRV,2017,High-technology exports (current US$),TX.VAL.TECH.CD,926522170
Croatia,HRV,2016,High-technology exports (current US$),TX.VAL.TECH.CD,1336109796
Croatia,HRV,2015,High-technology exports (current US$),TX.VAL.TECH.CD,915727467
Croatia,HRV,2014,High-technology exports (current US$),TX.VAL.TECH.CD,915598803
Croatia,HRV,2013,High-technology exports (current US$),TX.VAL.TECH.CD,999788815
Croatia,HRV,2012,High-technology exports (current US$),TX.VAL.TECH.CD,913351645
Croatia,HRV,2011,High-technology exports (current US$),TX.VAL.TECH.CD,776020576
Croatia,HRV,2010,High-technology exports (current US$),TX.VAL.TECH.CD,817139883
Croatia,HRV,2009,High-technology exports (current US$),TX.VAL.TECH.CD,793006198
Croatia,HRV,2008,High-technology exports (current US$),TX.VAL.TECH.CD,936967178
Croatia,HRV,2007,High-technology exports (current US$),TX.VAL.TECH.CD,803499581
Croatia,HRV,2023,High-technology exports (% of manufactured exports),TX.VAL.TECH.MF.ZS,11.0335908814715
Croatia,HRV,2022,High-technology exports (% of manufactured exports),TX.VAL.TECH.MF.ZS,12.0638540428638
Croatia,HRV,2021,High-technology exports (% of manufactured exports),TX.VAL.TECH.MF.ZS,9.60673351412275
Croatia,HRV,2020,High-technology exports (% of manufactured exports),TX.VAL.TECH.MF.ZS,9.68004103299381
Croatia,HRV,2019,High-technology exports (% of manufactured exports),TX.VAL.TECH.MF.ZS,8.28927083536396
Croatia,HRV,2018,High-technology exports (% of manufactured exports),TX.VAL.TECH.MF.ZS,8.83753101502131
Croatia,HRV,2017,High-technology exports (% of manufactured exports),TX.VAL.TECH.MF.ZS,8.73810136016396
Croatia,HRV,2016,High-technology exports (% of manufactured exports),TX.VAL.TECH.MF.ZS,14.4016994474882
Croatia,HRV,2015,High-technology exports (% of manufactured exports),TX.VAL.TECH.MF.ZS,10.7066240086763
Croatia,HRV,2014,High-technology exports (% of manufactured exports),TX.VAL.TECH.MF.ZS,10.4390521916801
Croatia,HRV,2013,High-technology exports (% of manufactured exports),TX.VAL.TECH.MF.ZS,12.493497088882
Croatia,HRV,2012,High-technology exports (% of manufactured exports),TX.VAL.TECH.MF.ZS,11.812056164737
Croatia,HRV,2011,High-technology exports (% of manufactured exports),TX.VAL.TECH.MF.ZS,8.69115491266511
Croatia,HRV,2010,High-technology exports (% of manufactured exports),TX.VAL.TECH.MF.ZS,10.1821121281211
Croatia,HRV,2009,High-technology exports (% of manufactured exports),TX.VAL.TECH.MF.ZS,11.3084573800093
Croatia,HRV,2008,High-technology exports (% of manufactured exports),TX.VAL.TECH.MF.ZS,9.51913007541723
Croatia,HRV,2007,High-technology exports (% of manufactured exports),TX.VAL.TECH.MF.ZS,9.50048664769553
Croatia,HRV,2024,Transport services (% of commercial service exports),TX.VAL.TRAN.ZS.WT,7.13450737646014
Croatia,HRV,2023,Transport services (% of commercial service exports),TX.VAL.TRAN.ZS.WT,6.97712445416443
Croatia,HRV,2022,Transport services (% of commercial service exports),TX.VAL.TRAN.ZS.WT,7.534569891397
Croatia,HRV,2021,Transport services (% of commercial service exports),TX.VAL.TRAN.ZS.WT,7.6092052936318
Croatia,HRV,2020,Transport services (% of commercial service exports),TX.VAL.TRAN.ZS.WT,9.39393905360481
Croatia,HRV,2019,Transport services (% of commercial service exports),TX.VAL.TRAN.ZS.WT,8.23907750540294
Croatia,HRV,2018,Transport services (% of commercial service exports),TX.VAL.TRAN.ZS.WT,8.92356270329346
Croatia,HRV,2017,Transport services (% of commercial service exports),TX.VAL.TRAN.ZS.WT,8.88125041870613
Croatia,HRV,2016,Transport services (% of commercial service exports),TX.VAL.TRAN.ZS.WT,9.14034097668478
Croatia,HRV,2015,Transport services (% of commercial service exports),TX.VAL.TRAN.ZS.WT,9.66120709451311
Croatia,HRV,2014,Transport services (% of commercial service exports),TX.VAL.TRAN.ZS.WT,10.6369663128317
Croatia,HRV,2013,Transport services (% of commercial service exports),TX.VAL.TRAN.ZS.WT,10.6479757786894
Croatia,HRV,2012,Transport services (% of commercial service exports),TX.VAL.TRAN.ZS.WT,10.106599631546
Croatia,HRV,2011,Transport services (% of commercial service exports),TX.VAL.TRAN.ZS.WT,11.2054953506886
Croatia,HRV,2010,Transport services (% of commercial service exports),TX.VAL.TRAN.ZS.WT,12.1796902439368
Croatia,HRV,2009,Transport services (% of commercial service exports),TX.VAL.TRAN.ZS.WT,11.4905791926695
Croatia,HRV,2008,Transport services (% of commercial service exports),TX.VAL.TRAN.ZS.WT,12.6206469903486
Croatia,HRV,2007,Transport services (% of commercial service exports),TX.VAL.TRAN.ZS.WT,12.9721177031823
Croatia,HRV,2006,Transport services (% of commercial service exports),TX.VAL.TRAN.ZS.WT,12.743885199447
Croatia,HRV,2005,Transport services (% of commercial service exports),TX.VAL.TRAN.ZS.WT,12.0667737223126
Croatia,HRV,2004,Transport services (% of commercial service exports),TX.VAL.TRAN.ZS.WT,11.3102397052307
Croatia,HRV,2003,Transport services (% of commercial service exports),TX.VAL.TRAN.ZS.WT,10.4046837212071
Croatia,HRV,2002,Transport services (% of commercial service exports),TX.VAL.TRAN.ZS.WT,10.0940505883493
Croatia,HRV,2001,Transport services (% of commercial service exports),TX.VAL.TRAN.ZS.WT,11.1766839658263
Croatia,HRV,2000,Transport services (% of commercial service exports),TX.VAL.TRAN.ZS.WT,12.4794579844663
Croatia,HRV,1999,Transport services (% of commercial service exports),TX.VAL.TRAN.ZS.WT,12.8671970298848
Croatia,HRV,1998,Transport services (% of commercial service exports),TX.VAL.TRAN.ZS.WT,14.1009569390217
Croatia,HRV,1997,Transport services (% of commercial service exports),TX.VAL.TRAN.ZS.WT,16.9352033749565
Croatia,HRV,1996,Transport services (% of commercial service exports),TX.VAL.TRAN.ZS.WT,22.0206324072634
Croatia,HRV,1995,Transport services (% of commercial service exports),TX.VAL.TRAN.ZS.WT,31.8090956994745
Croatia,HRV,1994,Transport services (% of commercial service exports),TX.VAL.TRAN.ZS.WT,24.9999839462331
Croatia,HRV,1993,Transport services (% of commercial service exports),TX.VAL.TRAN.ZS.WT,29.1644371944735
Croatia,HRV,2024,Travel services (% of commercial service exports),TX.VAL.TRVL.ZS.WT,66.107076084592
Croatia,HRV,2023,Travel services (% of commercial service exports),TX.VAL.TRVL.ZS.WT,65.2525041313909
Croatia,HRV,2022,Travel services (% of commercial service exports),TX.VAL.TRVL.ZS.WT,66.0393441227977
Croatia,HRV,2021,Travel services (% of commercial service exports),TX.VAL.TRVL.ZS.WT,63.7895989199329
Croatia,HRV,2020,Travel services (% of commercial service exports),TX.VAL.TRVL.ZS.WT,53.4261147357372
Croatia,HRV,2019,Travel services (% of commercial service exports),TX.VAL.TRVL.ZS.WT,68.4795596759062
Croatia,HRV,2018,Travel services (% of commercial service exports),TX.VAL.TRVL.ZS.WT,68.3674400813858
Croatia,HRV,2017,Travel services (% of commercial service exports),TX.VAL.TRVL.ZS.WT,69.7486177248275
Croatia,HRV,2016,Travel services (% of commercial service exports),TX.VAL.TRVL.ZS.WT,69.1532859046384
Croatia,HRV,2015,Travel services (% of commercial service exports),TX.VAL.TRVL.ZS.WT,68.5377835282865
Croatia,HRV,2014,Travel services (% of commercial service exports),TX.VAL.TRVL.ZS.WT,69.9123189700004
Croatia,HRV,2013,Travel services (% of commercial service exports),TX.VAL.TRVL.ZS.WT,69.9226665060697
Croatia,HRV,2012,Travel services (% of commercial service exports),TX.VAL.TRVL.ZS.WT,70.8567092726466
Croatia,HRV,2011,Travel services (% of commercial service exports),TX.VAL.TRVL.ZS.WT,68.3346560020217
Croatia,HRV,2010,Travel services (% of commercial service exports),TX.VAL.TRVL.ZS.WT,66.8012748783056
Croatia,HRV,2009,Travel services (% of commercial service exports),TX.VAL.TRVL.ZS.WT,68.2208476237864
Croatia,HRV,2008,Travel services (% of commercial service exports),TX.VAL.TRVL.ZS.WT,67.8789628581367
Croatia,HRV,2007,Travel services (% of commercial service exports),TX.VAL.TRVL.ZS.WT,69.5168952957889
Croatia,HRV,2006,Travel services (% of commercial service exports),TX.VAL.TRVL.ZS.WT,68.8710557465296
Croatia,HRV,2005,Travel services (% of commercial service exports),TX.VAL.TRVL.ZS.WT,68.2016262998309
Croatia,HRV,2004,Travel services (% of commercial service exports),TX.VAL.TRVL.ZS.WT,65.2521838143759
Croatia,HRV,2003,Travel services (% of commercial service exports),TX.VAL.TRVL.ZS.WT,65.8275890368817
Croatia,HRV,2002,Travel services (% of commercial service exports),TX.VAL.TRVL.ZS.WT,64.8042049660722
Croatia,HRV,2001,Travel services (% of commercial service exports),TX.VAL.TRVL.ZS.WT,62.8965445454477
Croatia,HRV,2000,Travel services (% of commercial service exports),TX.VAL.TRVL.ZS.WT,61.7776378934887
Croatia,HRV,1999,Travel services (% of commercial service exports),TX.VAL.TRVL.ZS.WT,66.2938124958964
Croatia,HRV,1998,Travel services (% of commercial service exports),TX.VAL.TRVL.ZS.WT,68.1360051415719
Croatia,HRV,1997,Travel services (% of commercial service exports),TX.VAL.TRVL.ZS.WT,62.6943300523389
Croatia,HRV,1996,Travel services (% of commercial service exports),TX.VAL.TRVL.ZS.WT,62.4145231969219
Croatia,HRV,1995,Travel services (% of commercial service exports),TX.VAL.TRVL.ZS.WT,60.6744898558512
Croatia,HRV,1994,Travel services (% of commercial service exports),TX.VAL.TRVL.ZS.WT,67.7159458323974
Croatia,HRV,1993,Travel services (% of commercial service exports),TX.VAL.TRVL.ZS.WT,59.1130306205792
Croatia,HRV,2020,Number of female business owners,IC.WEF.LLCO.FE,2397
Croatia,HRV,2019,Number of female business owners,IC.WEF.LLCO.FE,3167
Croatia,HRV,2018,Number of female business owners,IC.WEF.LLCO.FE,3355
Croatia,HRV,2020,Share of female business owners (% of total business owners),IC.WEF.LLCO.FE.ZS,23.3625730994152
Croatia,HRV,2019,Share of female business owners (% of total business owners),IC.WEF.LLCO.FE.ZS,23.7602220721735
Croatia,HRV,2018,Share of female business owners (% of total business owners),IC.WEF.LLCO.FE.ZS,25.2864033765451
Croatia,HRV,2020,Number of male business owners,IC.WEF.LLCO.MA,7863
Croatia,HRV,2019,Number of male business owners,IC.WEF.LLCO.MA,10162
Croatia,HRV,2018,Number of male business owners,IC.WEF.LLCO.MA,9913
Croatia,HRV,2020,Share of male business owners  (% of total business owners),IC.WEF.LLCO.MA.ZS,76.6374269005848
Croatia,HRV,2019,Share of male business owners  (% of total business owners),IC.WEF.LLCO.MA.ZS,76.2397779278266
Croatia,HRV,2018,Share of male business owners  (% of total business owners),IC.WEF.LLCO.MA.ZS,74.7135966234549
Croatia,HRV,2018,Number of female sole proprietors,IC.WEF.SOLO.FE,27715
Croatia,HRV,2017,Number of female sole proprietors,IC.WEF.SOLO.FE,26529
Croatia,HRV,2016,Number of female sole proprietors,IC.WEF.SOLO.FE,25655
Croatia,HRV,2015,Number of female sole proprietors,IC.WEF.SOLO.FE,25578
Croatia,HRV,2014,Number of female sole proprietors,IC.WEF.SOLO.FE,25774
Croatia,HRV,2018,Share of female sole proprietors  (% of sole proprietors),IC.WEF.SOLO.FE.ZS,33.7567903339748
Croatia,HRV,2017,Share of female sole proprietors  (% of sole proprietors),IC.WEF.SOLO.FE.ZS,33.4979039345422
Croatia,HRV,2016,Share of female sole proprietors  (% of sole proprietors),IC.WEF.SOLO.FE.ZS,33.1053616362346
Croatia,HRV,2015,Share of female sole proprietors  (% of sole proprietors),IC.WEF.SOLO.FE.ZS,32.8567574858376
Croatia,HRV,2014,Share of female sole proprietors  (% of sole proprietors),IC.WEF.SOLO.FE.ZS,32.4482884516121
Croatia,HRV,2018,Number of male sole proprietors,IC.WEF.SOLO.MA,54387
Croatia,HRV,2017,Number of male sole proprietors,IC.WEF.SOLO.MA,52667
Croatia,HRV,2016,Number of male sole proprietors,IC.WEF.SOLO.MA,51840
Croatia,HRV,2015,Number of male sole proprietors,IC.WEF.SOLO.MA,52269
Croatia,HRV,2014,Number of male sole proprietors,IC.WEF.SOLO.MA,53657
Croatia,HRV,2018,Share of male sole proprietors  (% of sole proprietors),IC.WEF.SOLO.MA.ZS,66.2432096660252
Croatia,HRV,2017,Share of male sole proprietors  (% of sole proprietors),IC.WEF.SOLO.MA.ZS,66.5020960654578
Croatia,HRV,2016,Share of male sole proprietors  (% of sole proprietors),IC.WEF.SOLO.MA.ZS,66.8946383637654
Croatia,HRV,2015,Share of male sole proprietors  (% of sole proprietors),IC.WEF.SOLO.MA.ZS,67.1432425141624
Croatia,HRV,2014,Share of male sole proprietors  (% of sole proprietors),IC.WEF.SOLO.MA.ZS,67.5517115483879
